Time,Speed0,Speed1,Speed2,Speed3,Speed4,Speed5,Magnitude0,Magnitude1,Magnitude2,Magnitude3,Magnitude4,Magnitude5
3002.962,24.4,0.0,0.0,0.0,0.0,0.0,5.5,0.0,0.0,0.0,0.0,0.0
3003.032,36.6,24.4,48.8,0.0,0.0,0.0,8.7,6.0,5.6,0.0,0.0,0.0
3003.105,48.8,61.0,36.6,73.2,0.0,0.0,29.2,23.4,16.2,9.1,0.0,0.0
3003.179,48.8,61.0,36.6,73.2,0.0,0.0,26.0,20.7,16.0,8.2,0.0,0.0
3003.253,36.6,24.4,0.0,0.0,0.0,0.0,6.0,5.7,0.0,0.0,0.0,0.0
3003.467,12.2,24.4,0.0,0.0,0.0,0.0,6.1,5.1,0.0,0.0,0.0,0.0
3004.108,12.2,-24.4,0.0,0.0,0.0,0.0,9.5,5.0,0.0,0.0,0.0,0.0
3004.182,-61.0,0.0,0.0,0.0,0.0,0.0,5.4,0.0,0.0,0.0,0.0,0.0
3004.325,-48.8,-61.0,-36.6,-73.2,0.0,0.0,23.5,22.3,12.4,9.7,0.0,0.0
3004.400,-73.2,-85.4,-61.0,0.0,0.0,0.0,19.0,13.3,11.7,0.0,0.0,0.0
3004.474,-73.2,-85.4,-61.0,0.0,0.0,0.0,18.7,13.9,10.9,0.0,0.0,0.0
3004.548,-61.0,-48.8,-73.2,0.0,0.0,0.0,14.8,10.4,9.4,0.0,0.0,0.0
3004.622,-36.6,-24.4,-48.8,0.0,0.0,0.0,10.6,7.4,6.4,0.0,0.0,0.0
3004.695,-24.4,0.0,0.0,0.0,0.0,0.0,5.4,0.0,0.0,0.0,0.0,0.0
3009.973,12.2,0.0,0.0,0.0,0.0,0.0,9.4,0.0,0.0,0.0,0.0,0.0
3010.043,48.8,61.0,36.6,73.2,0.0,0.0,15.0,14.5,8.0,6.8,0.0,0.0
3010.117,85.4,97.6,73.2,0.0,0.0,0.0,13.8,11.2,8.9,0.0,0.0,0.0
3010.190,85.4,73.2,97.6,0.0,0.0,0.0,11.0,8.2,7.6,0.0,0.0,0.0
3010.264,36.6,48.8,24.4,0.0,0.0,0.0,8.1,7.5,5.7,0.0,0.0,0.0
3010.338,48.8,36.6,61.0,24.4,12.2,0.0,12.7,10.6,8.9,6.1,5.5,0.0
3010.413,-12.2,-24.4,36.6,48.8,0.0,0.0,17.7,11.8,10.7,5.5,0.0,0.0
3010.487,-12.2,-24.4,-36.6,0.0,0.0,0.0,23.1,19.4,7.1,0.0,0.0,0.0
3010.703,-12.2,-24.4,-36.6,0.0,0.0,0.0,9.7,8.6,5.8,0.0,0.0,0.0
3010.777,12.2,24.4,0.0,0.0,0.0,0.0,13.3,5.2,0.0,0.0,0.0,0.0
3010.850,-12.2,-24.4,0.0,0.0,0.0,0.0,7.6,6.5,0.0,0.0,0.0,0.0
3010.923,-36.6,-48.8,-24.4,-61.0,0.0,0.0,11.0,10.4,7.3,5.5,0.0,0.0
3010.998,-61.0,-73.2,-48.8,-85.4,0.0,0.0,16.2,15.7,7.8,6.9,0.0,0.0
3011.074,-73.2,-85.4,0.0,0.0,0.0,0.0,10.0,9.1,0.0,0.0,0.0,0.0
3011.148,-61.0,-73.2,-85.4,-48.8,0.0,0.0,28.6,28.3,12.3,11.2,0.0,0.0
3011.223,-48.8,-61.0,-36.6,0.0,0.0,0.0,19.1,13.7,12.3,0.0,0.0,0.0
3011.297,-24.4,-36.6,-12.2,0.0,0.0,0.0,9.3,8.3,6.2,0.0,0.0,0.0
3011.442,3110.0,0.0,0.0,0.0,0.0,0.0,5.2,0.0,0.0,0.0,0.0,0.0
3011.941,3110.0,0.0,0.0,0.0,0.0,0.0,5.1,0.0,0.0,0.0,0.0,0.0
3015.906,61.0,48.8,73.2,36.6,24.4,0.0,26.1,24.4,12.7,8.1,5.2,0.0
3015.982,73.2,85.4,61.0,97.6,48.8,0.0,29.6,23.9,17.6,8.8,5.0,0.0
3016.058,73.2,61.0,85.4,0.0,0.0,0.0,11.2,9.1,7.7,0.0,0.0,0.0
3016.132,48.8,36.6,61.0,0.0,0.0,0.0,12.3,10.3,7.4,0.0,0.0,0.0
3016.277,12.2,0.0,0.0,0.0,0.0,0.0,5.1,0.0,0.0,0.0,0.0,0.0
3016.702,-24.4,-36.6,-12.2,0.0,0.0,0.0,11.1,9.1,6.7,0.0,0.0,0.0
3016.776,-61.0,-12.2,-24.4,3110.0,0.0,0.0,5.4,5.4,5.4,5.2,0.0,0.0
3016.850,-36.6,-24.4,0.0,0.0,0.0,0.0,5.6,5.4,0.0,0.0,0.0,0.0
3016.994,-73.2,-85.4,-61.0,-97.6,0.0,0.0,16.2,12.2,10.1,5.3,0.0,0.0
3017.068,-73.2,-61.0,0.0,0.0,0.0,0.0,7.3,6.3,0.0,0.0,0.0,0.0
3017.212,-36.6,-24.4,-48.8,0.0,0.0,0.0,8.6,6.1,5.8,0.0,0.0,0.0
3021.875,48.8,36.6,61.0,24.4,0.0,0.0,23.4,20.1,12.5,7.8,0.0,0.0
3021.949,61.0,48.8,73.2,0.0,0.0,0.0,18.0,12.7,12.0,0.0,0.0,0.0
3022.022,61.0,73.2,0.0,0.0,0.0,0.0,6.6,6.3,0.0,0.0,0.0,0.0
3022.094,48.8,61.0,0.0,0.0,0.0,0.0,9.1,8.6,0.0,0.0,0.0,0.0
3022.168,36.6,24.4,48.8,0.0,0.0,0.0,8.4,7.6,6.0,0.0,0.0,0.0
3022.243,12.2,24.4,48.8,36.6,61.0,0.0,13.3,11.2,10.7,10.7,5.6,0.0
3022.319,24.4,36.6,12.2,0.0,0.0,0.0,12.3,8.6,5.7,0.0,0.0,0.0
3022.393,-12.2,0.0,0.0,0.0,0.0,0.0,5.1,0.0,0.0,0.0,0.0,0.0
3022.678,12.2,24.4,0.0,0.0,0.0,0.0,13.4,8.1,0.0,0.0,0.0,0.0
3022.752,-61.0,-48.8,-24.4,-12.2,0.0,0.0,6.4,6.4,6.3,5.5,0.0,0.0
3022.827,-48.8,-36.6,-61.0,0.0,0.0,0.0,9.7,7.9,6.8,0.0,0.0,0.0
3022.972,-85.4,-73.2,-97.6,-61.0,0.0,0.0,24.6,22.0,12.3,8.9,0.0,0.0
3023.046,-73.2,-85.4,0.0,0.0,0.0,0.0,9.2,7.6,0.0,0.0,0.0,0.0
3023.119,-48.8,-61.0,0.0,0.0,0.0,0.0,6.5,6.4,0.0,0.0,0.0,0.0
3023.193,-36.6,0.0,0.0,0.0,0.0,0.0,6.4,0.0,0.0,0.0,0.0,0.0
3023.265,3110.0,0.0,0.0,0.0,0.0,0.0,5.9,0.0,0.0,0.0,0.0,0.0
3024.464,3110.0,0.0,0.0,0.0,0.0,0.0,5.0,0.0,0.0,0.0,0.0,0.0
3026.099,3110.0,0.0,0.0,0.0,0.0,0.0,5.3,0.0,0.0,0.0,0.0,0.0
3026.456,3110.0,0.0,0.0,0.0,0.0,0.0,5.6,0.0,0.0,0.0,0.0,0.0
3028.088,3110.0,0.0,0.0,0.0,0.0,0.0,5.2,0.0,0.0,0.0,0.0,0.0
3028.161,36.6,24.4,0.0,0.0,0.0,0.0,10.2,9.5,0.0,0.0,0.0,0.0
3028.235,61.0,48.8,0.0,0.0,0.0,0.0,8.0,6.5,0.0,0.0,0.0,0.0
3028.308,73.2,61.0,85.4,0.0,0.0,0.0,12.2,8.4,7.6,0.0,0.0,0.0
3028.382,73.2,61.0,85.4,0.0,0.0,0.0,18.3,13.1,10.6,0.0,0.0,0.0
3028.457,48.8,36.6,61.0,24.4,0.0,0.0,18.5,18.2,9.2,9.1,0.0,0.0
3028.532,12.2,48.8,0.0,0.0,0.0,0.0,5.9,5.3,0.0,0.0,0.0,0.0
3028.605,12.2,0.0,0.0,0.0,0.0,0.0,5.1,0.0,0.0,0.0,0.0,0.0
3029.176,-36.6,-24.4,-48.8,-12.2,0.0,0.0,13.9,11.5,10.4,6.1,0.0,0.0
3029.251,-61.0,-48.8,-36.6,-73.2,0.0,0.0,11.4,11.1,6.0,5.2,0.0,0.0
3029.325,-48.8,0.0,0.0,0.0,0.0,0.0,5.1,0.0,0.0,0.0,0.0,0.0
3029.537,-61.0,-73.2,-48.8,0.0,0.0,0.0,10.0,9.3,5.2,0.0,0.0,0.0
3029.611,-61.0,-48.8,-73.2,-36.6,0.0,0.0,21.1,19.3,10.4,7.2,0.0,0.0
3029.686,-36.6,-24.4,0.0,0.0,0.0,0.0,9.4,9.3,0.0,0.0,0.0,0.0
3029.760,-24.4,0.0,0.0,0.0,0.0,0.0,5.2,0.0,0.0,0.0,0.0,0.0
3034.130,12.2,24.4,0.0,0.0,0.0,0.0,6.4,6.2,0.0,0.0,0.0,0.0
3034.202,61.0,48.8,0.0,0.0,0.0,0.0,7.0,6.2,0.0,0.0,0.0,0.0
3034.347,73.2,85.4,0.0,0.0,0.0,0.0,9.2,8.8,0.0,0.0,0.0,0.0
3034.420,61.0,73.2,0.0,0.0,0.0,0.0,5.5,5.3,0.0,0.0,0.0,0.0
3034.493,61.0,0.0,0.0,0.0,0.0,0.0,7.0,0.0,0.0,0.0,0.0,0.0
3034.565,12.2,24.4,0.0,0.0,0.0,0.0,13.7,6.2,0.0,0.0,0.0,0.0
3034.639,24.4,12.2,0.0,0.0,0.0,0.0,5.9,5.8,0.0,0.0,0.0,0.0
3034.712,-12.2,0.0,0.0,0.0,0.0,0.0,6.5,0.0,0.0,0.0,0.0,0.0
3034.995,12.2,0.0,0.0,0.0,0.0,0.0,6.5,0.0,0.0,0.0,0.0,0.0
3035.068,12.2,24.4,-36.6,0.0,0.0,0.0,23.8,8.4,7.0,0.0,0.0,0.0
3035.142,12.2,0.0,0.0,0.0,0.0,0.0,9.4,0.0,0.0,0.0,0.0,0.0
3035.356,-12.2,-24.4,0.0,0.0,0.0,0.0,5.6,5.3,0.0,0.0,0.0,0.0
3035.430,-61.0,-48.8,0.0,0.0,0.0,0.0,8.7,6.5,0.0,0.0,0.0,0.0
3035.504,-61.0,-48.8,-73.2,0.0,0.0,0.0,17.7,12.5,11.0,0.0,0.0,0.0
3035.578,-61.0,-73.2,-48.8,3110.0,0.0,0.0,18.3,12.5,11.2,6.0,0.0,0.0
3035.653,-61.0,-48.8,-73.2,0.0,0.0,0.0,11.6,10.8,6.1,0.0,0.0,0.0
3035.726,-36.6,-24.4,-48.8,0.0,0.0,0.0,7.7,5.9,5.2,0.0,0.0,0.0
3035.799,-24.4,0.0,0.0,0.0,0.0,0.0,5.9,0.0,0.0,0.0,0.0,0.0
3035.871,-24.4,-36.6,-12.2,0.0,0.0,0.0,9.0,6.6,5.1,0.0,0.0,0.0
3035.944,-12.2,-24.4,0.0,0.0,0.0,0.0,6.4,6.2,0.0,0.0,0.0,0.0
3040.181,36.6,24.4,48.8,0.0,0.0,0.0,13.9,11.9,7.5,0.0,0.0,0.0
3040.254,61.0,73.2,48.8,85.4,36.6,0.0,14.6,14.1,8.5,6.1,5.7,0.0
3040.328,73.2,85.4,61.0,0.0,0.0,0.0,10.8,9.7,6.5,0.0,0.0,0.0
3040.401,73.2,85.4,61.0,0.0,0.0,0.0,12.5,9.0,7.2,0.0,0.0,0.0
3040.475,48.8,36.6,61.0,0.0,0.0,0.0,9.8,8.0,7.0,0.0,0.0,0.0
3040.549,12.2,24.4,36.6,48.8,0.0,0.0,22.4,15.8,7.5,5.2,0.0,0.0
3040.624,24.4,36.6,12.2,0.0,0.0,0.0,6.8,5.8,5.1,0.0,0.0,0.0
3040.699,12.2,0.0,0.0,0.0,0.0,0.0,6.5,0.0,0.0,0.0,0.0,0.0
3041.123,12.2,0.0,0.0,0.0,0.0,0.0,8.2,0.0,0.0,0.0,0.0,0.0
3041.195,-48.8,-36.6,-61.0,-24.4,0.0,0.0,16.5,13.8,9.4,6.2,0.0,0.0
3041.270,-12.2,-24.4,0.0,0.0,0.0,0.0,8.0,7.6,0.0,0.0,0.0,0.0
3041.343,-61.0,-48.8,0.0,0.0,0.0,0.0,7.6,6.3,0.0,0.0,0.0,0.0
3041.417,3110.0,0.0,0.0,0.0,0.0,0.0,5.6,0.0,0.0,0.0,0.0,0.0
3041.490,-73.2,-61.0,-85.4,0.0,0.0,0.0,12.1,9.1,7.1,0.0,0.0,0.0
3041.565,-61.0,-48.8,-73.2,3110.0,0.0,0.0,10.4,8.3,5.9,5.2,0.0,0.0
3041.640,-48.8,-36.6,-61.0,0.0,0.0,0.0,18.3,13.4,12.1,0.0,0.0,0.0
3041.714,-24.4,-36.6,0.0,0.0,0.0,0.0,5.2,5.1,0.0,0.0,0.0,0.0
3046.479,36.6,48.8,24.4,61.0,0.0,0.0,11.5,11.5,6.6,6.2,0.0,0.0
3046.554,73.2,61.0,0.0,0.0,0.0,0.0,7.3,6.2,0.0,0.0,0.0,0.0
3046.628,73.2,85.4,61.0,97.6,0.0,0.0,14.9,13.8,8.7,5.7,0.0,0.0
3046.702,61.0,73.2,48.8,85.4,0.0,0.0,14.6,11.9,8.8,5.1,0.0,0.0
3046.776,61.0,48.8,73.2,0.0,0.0,0.0,7.7,5.8,5.4,0.0,0.0,0.0
3046.850,36.6,48.8,24.4,61.0,0.0,0.0,20.9,18.5,11.4,7.8,0.0,0.0
3046.925,24.4,12.2,0.0,0.0,0.0,0.0,9.1,8.9,0.0,0.0,0.0,0.0
3046.998,12.2,0.0,0.0,0.0,0.0,0.0,7.5,0.0,0.0,0.0,0.0,0.0
3047.281,12.2,-24.4,-36.6,0.0,0.0,0.0,17.0,13.1,10.8,0.0,0.0,0.0
3047.355,-36.6,12.2,-48.8,-24.4,0.0,0.0,10.8,10.2,9.3,7.3,0.0,0.0
3047.430,-48.8,-61.0,3110.0,-36.6,3097.8,0.0,9.7,9.4,6.8,5.4,5.2,0.0
3047.505,-48.8,-61.0,-36.6,0.0,0.0,0.0,13.3,12.6,6.0,0.0,0.0,0.0
3047.580,-61.0,-73.2,-48.8,-85.4,0.0,0.0,13.0,12.6,6.5,5.6,0.0,0.0
3047.655,-61.0,-73.2,-48.8,-85.4,0.0,0.0,19.0,17.7,10.5,7.2,0.0,0.0
3047.730,-61.0,-48.8,-73.2,-36.6,0.0,0.0,30.8,22.1,19.2,5.7,0.0,0.0
3047.805,-48.8,-36.6,-61.0,-24.4,0.0,0.0,11.5,10.1,7.1,5.5,0.0,0.0
3047.880,-24.4,-36.6,0.0,0.0,0.0,0.0,6.0,5.4,0.0,0.0,0.0,0.0
3053.460,36.6,48.8,24.4,61.0,0.0,0.0,25.5,18.4,16.8,6.6,0.0,0.0
3053.533,73.2,85.4,61.0,0.0,0.0,0.0,18.2,13.0,10.7,0.0,0.0,0.0
3053.606,73.2,85.4,61.0,97.6,48.8,0.0,25.4,22.3,14.9,8.8,5.8,0.0
3053.680,73.2,61.0,85.4,48.8,0.0,0.0,14.0,13.4,6.0,5.6,0.0,0.0
3053.753,36.6,48.8,24.4,0.0,0.0,0.0,9.9,8.1,7.5,0.0,0.0,0.0
3053.825,12.2,24.4,0.0,0.0,0.0,0.0,12.3,7.1,0.0,0.0,0.0,0.0
3053.898,12.2,24.4,0.0,0.0,0.0,0.0,9.5,5.7,0.0,0.0,0.0,0.0
3054.537,-24.4,-12.2,-36.6,0.0,0.0,0.0,6.9,6.6,5.8,0.0,0.0,0.0
3054.612,-12.2,-24.4,0.0,0.0,0.0,0.0,7.2,6.1,0.0,0.0,0.0,0.0
3054.686,-48.8,-61.0,0.0,0.0,0.0,0.0,8.4,7.6,0.0,0.0,0.0,0.0
3054.759,-73.2,-61.0,-85.4,0.0,0.0,0.0,14.5,10.8,8.8,0.0,0.0,0.0
3054.833,-73.2,-85.4,-61.0,-97.6,0.0,0.0,23.5,18.0,14.1,6.3,0.0,0.0
3054.907,-61.0,-73.2,-48.8,0.0,0.0,0.0,12.5,10.2,5.9,0.0,0.0,0.0
3054.981,-48.8,-61.0,-36.6,0.0,0.0,0.0,7.8,6.3,5.9,0.0,0.0,0.0
3055.055,-36.6,0.0,0.0,0.0,0.0,0.0,5.3,0.0,0.0,0.0,0.0,0.0
3059.379,73.2,61.0,85.4,48.8,0.0,0.0,22.5,21.3,12.0,9.9,0.0,0.0
3059.454,97.6,85.4,109.8,24.4,0.0,0.0,14.8,10.7,9.2,5.1,0.0,0.0
3059.529,85.4,97.6,73.2,0.0,0.0,0.0,8.8,6.9,5.1,0.0,0.0,0.0
3059.603,61.0,48.8,73.2,36.6,0.0,0.0,11.1,8.9,8.4,6.0,0.0,0.0
3059.677,12.2,24.4,0.0,0.0,0.0,0.0,9.2,7.1,0.0,0.0,0.0,0.0
3059.751,24.4,12.2,36.6,0.0,0.0,0.0,11.6,11.3,6.9,0.0,0.0,0.0
3059.825,-12.2,-24.4,0.0,0.0,0.0,0.0,15.9,13.1,0.0,0.0,0.0,0.0
3059.899,-12.2,-24.4,0.0,0.0,0.0,0.0,9.9,6.5,0.0,0.0,0.0,0.0
3060.043,12.2,0.0,0.0,0.0,0.0,0.0,12.3,0.0,0.0,0.0,0.0,0.0
3060.115,-36.6,-48.8,12.2,24.4,0.0,0.0,9.3,8.0,7.2,5.3,0.0,0.0
3060.190,-48.8,-36.6,-61.0,12.2,0.0,0.0,10.4,8.8,6.9,5.4,0.0,0.0
3060.265,-61.0,-73.2,-48.8,0.0,0.0,0.0,10.9,8.7,6.8,0.0,0.0,0.0
3060.339,-73.2,-61.0,0.0,0.0,0.0,0.0,6.3,5.7,0.0,0.0,0.0,0.0
3060.413,-85.4,-73.2,-97.6,-61.0,0.0,0.0,12.2,10.9,6.7,6.2,0.0,0.0
3060.487,-73.2,-85.4,-61.0,0.0,0.0,0.0,9.6,7.0,6.3,0.0,0.0,0.0
3060.561,-61.0,-48.8,-73.2,0.0,0.0,0.0,8.8,7.3,5.9,0.0,0.0,0.0
3065.098,36.6,48.8,0.0,0.0,0.0,0.0,6.7,5.3,0.0,0.0,0.0,0.0
3065.171,61.0,73.2,48.8,85.4,0.0,0.0,19.5,16.8,9.0,5.9,0.0,0.0
3065.244,85.4,73.2,97.6,61.0,0.0,0.0,31.2,28.5,15.9,10.7,0.0,0.0
3065.317,73.2,61.0,85.4,48.8,0.0,0.0,15.6,14.4,7.0,6.9,0.0,0.0
3065.390,61.0,48.8,73.2,0.0,0.0,0.0,12.5,9.7,7.8,0.0,0.0,0.0
3065.465,48.8,12.2,36.6,61.0,0.0,0.0,9.1,8.8,5.9,5.2,0.0,0.0
3065.539,24.4,36.6,12.2,48.8,0.0,0.0,14.5,12.5,7.2,5.8,0.0,0.0
3066.036,-36.6,0.0,0.0,0.0,0.0,0.0,5.3,0.0,0.0,0.0,0.0,0.0
3066.107,-61.0,-24.4,-48.8,0.0,0.0,0.0,7.4,6.9,6.2,0.0,0.0,0.0
3066.181,-24.4,-36.6,-12.2,-61.0,0.0,0.0,10.5,7.4,6.8,6.5,0.0,0.0
3066.327,-73.2,-61.0,0.0,0.0,0.0,0.0,6.0,5.2,0.0,0.0,0.0,0.0
3066.399,-73.2,-61.0,0.0,0.0,0.0,0.0,5.8,5.7,0.0,0.0,0.0,0.0
3071.156,85.4,0.0,0.0,0.0,0.0,0.0,5.9,0.0,0.0,0.0,0.0,0.0
3071.227,61.0,73.2,48.8,0.0,0.0,0.0,7.4,7.1,5.0,0.0,0.0,0.0
3071.300,48.8,61.0,36.6,0.0,0.0,0.0,9.2,8.5,5.3,0.0,0.0,0.0
3071.374,12.2,24.4,36.6,3110.0,0.0,0.0,13.2,12.1,7.3,5.6,0.0,0.0
3071.449,-12.2,-24.4,0.0,0.0,0.0,0.0,9.0,5.3,0.0,0.0,0.0,0.0
3071.522,-12.2,-24.4,0.0,0.0,0.0,0.0,11.1,5.8,0.0,0.0,0.0,0.0
3071.736,12.2,-24.4,0.0,0.0,0.0,0.0,14.0,5.9,0.0,0.0,0.0,0.0
3071.809,12.2,-24.4,0.0,0.0,0.0,0.0,12.9,5.6,0.0,0.0,0.0,0.0
3071.882,-12.2,-24.4,-36.6,0.0,0.0,0.0,13.5,13.1,6.6,0.0,0.0,0.0
3072.027,-73.2,-61.0,-85.4,0.0,0.0,0.0,12.8,9.7,7.8,0.0,0.0,0.0
3072.101,-73.2,-61.0,-85.4,-48.8,0.0,0.0,15.3,14.2,7.8,6.5,0.0,0.0
3072.247,-48.8,-61.0,-36.6,-73.2,0.0,0.0,13.5,11.4,8.6,5.0,0.0,0.0
3072.464,-24.4,0.0,0.0,0.0,0.0,0.0,5.0,0.0,0.0,0.0,0.0,0.0
3076.787,48.8,36.6,61.0,0.0,0.0,0.0,12.7,11.6,6.6,0.0,0.0,0.0
3076.861,73.2,85.4,61.0,24.4,0.0,0.0,17.0,12.2,11.3,5.2,0.0,0.0
3076.935,85.4,73.2,97.6,61.0,0.0,0.0,19.6,17.0,11.0,7.9,0.0,0.0
3077.009,85.4,73.2,97.6,3110.0,0.0,0.0,15.1,13.8,7.2,5.7,0.0,0.0
3077.084,48.8,61.0,0.0,0.0,0.0,0.0,8.2,7.6,0.0,0.0,0.0,0.0
3077.157,12.2,48.8,61.0,36.6,24.4,0.0,9.7,7.4,6.8,6.3,6.1,0.0
3077.232,24.4,36.6,0.0,0.0,0.0,0.0,6.9,6.5,0.0,0.0,0.0,0.0
3077.517,-12.2,0.0,0.0,0.0,0.0,0.0,6.8,0.0,0.0,0.0,0.0,0.0
3077.660,-36.6,-24.4,-48.8,-12.2,0.0,0.0,14.2,11.4,9.0,5.4,0.0,0.0
3077.807,-24.4,-36.6,0.0,0.0,0.0,0.0,6.3,6.0,0.0,0.0,0.0,0.0
3077.951,-73.2,0.0,0.0,0.0,0.0,0.0,5.7,0.0,0.0,0.0,0.0,0.0
3078.022,-61.0,-73.2,-48.8,0.0,0.0,0.0,12.7,10.7,7.1,0.0,0.0,0.0
3078.096,-61.0,-48.8,-73.2,0.0,0.0,0.0,11.0,10.1,5.8,0.0,0.0,0.0
3082.364,48.8,61.0,36.6,0.0,0.0,0.0,9.6,6.2,6.1,0.0,0.0,0.0
3082.439,85.4,97.6,73.2,109.8,0.0,0.0,17.8,13.3,11.4,5.6,0.0,0.0
3082.514,97.6,0.0,0.0,0.0,0.0,0.0,5.3,0.0,0.0,0.0,0.0,0.0
3082.587,24.4,0.0,0.0,0.0,0.0,0.0,5.4,0.0,0.0,0.0,0.0,0.0
3082.660,48.8,61.0,36.6,24.4,73.2,12.2,17.3,14.3,13.1,8.2,6.9,6.6
3082.736,24.4,12.2,36.6,0.0,0.0,0.0,10.1,9.1,6.3,0.0,0.0,0.0
3082.810,-12.2,-24.4,0.0,0.0,0.0,0.0,18.2,14.0,0.0,0.0,0.0,0.0
3082.883,-12.2,0.0,0.0,0.0,0.0,0.0,5.5,0.0,0.0,0.0,0.0,0.0
3083.096,12.2,24.4,36.6,0.0,0.0,0.0,40.1,28.0,12.0,0.0,0.0,0.0
3083.170,12.2,24.4,-36.6,-48.8,0.0,0.0,21.2,12.9,6.4,6.3,0.0,0.0
3083.245,-24.4,-36.6,-12.2,0.0,0.0,0.0,9.0,8.3,5.8,0.0,0.0,0.0
3083.318,-73.2,-85.4,-61.0,0.0,0.0,0.0,10.2,8.8,6.2,0.0,0.0,0.0
3083.391,-97.6,-85.4,-109.8,-73.2,0.0,0.0,14.2,13.6,7.1,6.8,0.0,0.0
3083.465,-36.6,0.0,0.0,0.0,0.0,0.0,5.1,0.0,0.0,0.0,0.0,0.0
3083.536,-73.2,-85.4,-61.0,-97.6,-48.8,0.0,22.4,17.8,14.2,6.7,5.6,0.0
3083.679,-36.6,0.0,0.0,0.0,0.0,0.0,5.1,0.0,0.0,0.0,0.0,0.0
3087.504,3110.0,3097.8,0.0,0.0,0.0,0.0,5.5,5.2,0.0,0.0,0.0,0.0
3087.578,3110.0,0.0,0.0,0.0,0.0,0.0,5.5,0.0,0.0,0.0,0.0,0.0
3088.499,85.4,97.6,73.2,109.8,0.0,0.0,20.1,15.5,11.1,5.5,0.0,0.0
3088.573,85.4,97.6,73.2,0.0,0.0,0.0,26.8,18.2,17.3,0.0,0.0,0.0
3088.647,61.0,73.2,48.8,85.4,0.0,0.0,20.2,18.6,9.6,8.4,0.0,0.0
3088.722,12.2,24.4,0.0,0.0,0.0,0.0,12.2,9.1,0.0,0.0,0.0,0.0
3088.795,36.6,24.4,48.8,0.0,0.0,0.0,8.6,8.2,5.6,0.0,0.0,0.0
3089.296,-36.6,-48.8,-24.4,0.0,0.0,0.0,7.7,7.5,5.2,0.0,0.0,0.0
3089.370,-61.0,-48.8,0.0,0.0,0.0,0.0,7.0,5.9,0.0,0.0,0.0,0.0
3089.444,-36.6,-24.4,-61.0,-73.2,0.0,0.0,8.2,6.4,6.3,6.2,0.0,0.0
3089.519,-61.0,-73.2,-48.8,-85.4,0.0,0.0,18.0,16.8,7.4,6.3,0.0,0.0
3089.594,-85.4,-97.6,-73.2,0.0,0.0,0.0,10.0,7.3,5.9,0.0,0.0,0.0
3089.668,-85.4,-97.6,-73.2,0.0,0.0,0.0,10.0,7.0,6.5,0.0,0.0,0.0
3089.742,-73.2,-85.4,-61.0,0.0,0.0,0.0,14.5,9.9,9.2,0.0,0.0,0.0
3089.816,-48.8,-61.0,0.0,0.0,0.0,0.0,7.7,7.3,0.0,0.0,0.0,0.0
3094.430,61.0,48.8,0.0,0.0,0.0,0.0,7.7,6.7,0.0,0.0,0.0,0.0
3094.643,85.4,73.2,24.4,12.2,61.0,0.0,7.7,7.7,7.1,5.9,5.1,0.0
3094.718,48.8,36.6,61.0,0.0,0.0,0.0,9.7,8.3,7.7,0.0,0.0,0.0
3094.792,36.6,48.8,24.4,12.2,0.0,0.0,11.5,9.6,7.2,6.6,0.0,0.0
3094.867,-12.2,-24.4,-36.6,0.0,0.0,0.0,24.4,17.7,5.5,0.0,0.0,0.0
3094.941,-12.2,-24.4,-36.6,0.0,0.0,0.0,43.1,33.5,12.6,0.0,0.0,0.0
3095.085,12.2,-24.4,-36.6,0.0,0.0,0.0,13.8,5.8,5.1,0.0,0.0,0.0
3095.159,12.2,24.4,-48.8,-36.6,-61.0,0.0,40.7,23.3,9.2,6.6,5.6,0.0
3095.234,-24.4,-61.0,-12.2,-48.8,-73.2,0.0,8.7,8.6,8.4,6.0,5.2,0.0
3095.309,-61.0,0.0,0.0,0.0,0.0,0.0,5.8,0.0,0.0,0.0,0.0,0.0
3095.381,-85.4,-97.6,-73.2,0.0,0.0,0.0,8.4,6.4,5.5,0.0,0.0,0.0
3095.455,-97.6,-109.8,-85.4,-73.2,-48.8,0.0,10.5,8.6,7.6,5.2,5.0,0.0
3101.005,85.4,97.6,73.2,0.0,0.0,0.0,12.9,9.9,7.8,0.0,0.0,0.0
3101.079,73.2,61.0,85.4,0.0,0.0,0.0,18.7,13.6,12.4,0.0,0.0,0.0
3101.153,48.8,36.6,3110.0,61.0,24.4,0.0,11.1,10.8,6.4,5.8,5.5,0.0
3101.228,12.2,48.8,36.6,24.4,61.0,0.0,12.9,9.7,8.3,6.1,6.1,0.0
3101.728,-36.6,-24.4,0.0,0.0,0.0,0.0,7.2,7.0,0.0,0.0,0.0,0.0
3101.801,-48.8,-36.6,-61.0,-24.4,0.0,0.0,8.5,7.1,5.3,5.2,0.0,0.0
3101.875,-36.6,-24.4,0.0,0.0,0.0,0.0,5.6,5.5,0.0,0.0,0.0,0.0
3101.948,-61.0,-48.8,0.0,0.0,0.0,0.0,8.3,8.1,0.0,0.0,0.0,0.0
3102.022,-73.2,-61.0,-85.4,0.0,0.0,0.0,17.9,14.0,11.0,0.0,0.0,0.0
3102.096,-73.2,-85.4,-61.0,0.0,0.0,0.0,13.1,12.4,7.1,0.0,0.0,0.0
3102.170,-73.2,-85.4,0.0,0.0,0.0,0.0,10.0,8.7,0.0,0.0,0.0,0.0
3102.244,-61.0,0.0,0.0,0.0,0.0,0.0,6.3,0.0,0.0,0.0,0.0,0.0
3106.583,97.6,109.8,36.6,85.4,0.0,0.0,10.1,8.3,5.7,5.7,0.0,0.0
3106.656,97.6,85.4,73.2,109.8,0.0,0.0,13.4,12.7,7.4,7.0,0.0,0.0
3106.729,61.0,73.2,0.0,0.0,0.0,0.0,6.7,6.6,0.0,0.0,0.0,0.0
3106.874,12.2,24.4,36.6,0.0,0.0,0.0,14.7,12.3,7.4,0.0,0.0,0.0
3106.948,12.2,24.4,36.6,0.0,0.0,0.0,19.0,17.1,8.5,0.0,0.0,0.0
3107.163,-12.2,0.0,0.0,0.0,0.0,0.0,6.1,0.0,0.0,0.0,0.0,0.0
3107.235,12.2,-24.4,-36.6,-48.8,0.0,0.0,23.0,10.7,9.7,6.6,0.0,0.0
3107.310,-48.8,12.2,-24.4,-36.6,-61.0,0.0,8.7,6.9,6.4,6.3,5.6,0.0
3107.454,-73.2,-85.4,-61.0,0.0,0.0,0.0,8.5,6.5,5.1,0.0,0.0,0.0
3107.527,-85.4,-97.6,0.0,0.0,0.0,0.0,8.4,6.2,0.0,0.0,0.0,0.0
3107.600,-73.2,-85.4,-61.0,0.0,0.0,0.0,8.9,6.0,5.5,0.0,0.0,0.0
3107.745,-48.8,-36.6,-61.0,0.0,0.0,0.0,9.8,6.6,6.3,0.0,0.0,0.0
3107.819,-36.6,-24.4,0.0,0.0,0.0,0.0,7.4,5.4,0.0,0.0,0.0,0.0
3112.574,24.4,12.2,0.0,0.0,0.0,0.0,6.1,5.4,0.0,0.0,0.0,0.0
3112.647,48.8,24.4,61.0,36.6,0.0,0.0,8.8,7.2,6.4,6.3,0.0,0.0
3112.722,73.2,85.4,61.0,97.6,0.0,0.0,16.4,13.8,8.1,5.6,0.0,0.0
3112.797,85.4,0.0,0.0,0.0,0.0,0.0,5.2,0.0,0.0,0.0,0.0,0.0
3112.869,61.0,73.2,0.0,0.0,0.0,0.0,7.2,6.4,0.0,0.0,0.0,0.0
3112.942,36.6,48.8,0.0,0.0,0.0,0.0,5.7,5.5,0.0,0.0,0.0,0.0
3113.016,12.2,24.4,48.8,61.0,36.6,0.0,15.8,11.8,7.1,6.1,5.4,0.0
3113.092,12.2,24.4,36.6,0.0,0.0,0.0,14.3,11.8,6.8,0.0,0.0,0.0
3113.166,12.2,0.0,0.0,0.0,0.0,0.0,5.1,0.0,0.0,0.0,0.0,0.0
3113.938,-12.2,-24.4,0.0,0.0,0.0,0.0,10.3,7.5,0.0,0.0,0.0,0.0
3114.010,-24.4,-36.6,-12.2,0.0,0.0,0.0,11.0,10.0,6.3,0.0,0.0,0.0
3114.083,-48.8,0.0,0.0,0.0,0.0,0.0,5.5,0.0,0.0,0.0,0.0,0.0
3114.224,-61.0,-48.8,-73.2,-36.6,0.0,0.0,25.6,21.7,14.2,8.5,0.0,0.0
3114.298,-73.2,-85.4,-61.0,-97.6,0.0,0.0,35.9,30.9,18.7,11.9,0.0,0.0
3114.373,-73.2,-85.4,-61.0,0.0,0.0,0.0,21.7,16.9,12.6,0.0,0.0,0.0
3114.447,-61.0,-73.2,-48.8,-85.4,-36.6,0.0,27.3,21.5,16.4,7.9,5.5,0.0
3114.522,-48.8,-36.6,-61.0,-24.4,0.0,0.0,18.7,15.6,11.0,6.9,0.0,0.0
3114.596,-36.6,-48.8,0.0,0.0,0.0,0.0,8.1,5.8,0.0,0.0,0.0,0.0
3114.669,-24.4,0.0,0.0,0.0,0.0,0.0,5.7,0.0,0.0,0.0,0.0,0.0
3118.905,85.4,73.2,97.6,61.0,0.0,0.0,17.3,13.7,10.2,5.1,0.0,0.0
3118.980,61.0,0.0,0.0,0.0,0.0,0.0,5.2,0.0,0.0,0.0,0.0,0.0
3119.053,48.8,0.0,0.0,0.0,0.0,0.0,5.8,0.0,0.0,0.0,0.0,0.0
3119.196,12.2,0.0,0.0,0.0,0.0,0.0,6.5,0.0,0.0,0.0,0.0,0.0
3119.268,-12.2,-24.4,0.0,0.0,0.0,0.0,10.2,9.2,0.0,0.0,0.0,0.0
3119.767,12.2,-36.6,24.4,0.0,0.0,0.0,7.9,6.4,5.5,0.0,0.0,0.0
3119.841,3110.0,-24.4,0.0,0.0,0.0,0.0,5.9,5.0,0.0,0.0,0.0,0.0
3119.915,-36.6,-24.4,0.0,0.0,0.0,0.0,6.3,5.8,0.0,0.0,0.0,0.0
3120.060,-61.0,-48.8,-73.2,0.0,0.0,0.0,12.0,11.1,5.5,0.0,0.0,0.0
3120.134,-61.0,-73.2,-48.8,0.0,0.0,0.0,9.7,6.8,6.8,0.0,0.0,0.0
3120.208,-61.0,-73.2,0.0,0.0,0.0,0.0,7.3,6.6,0.0,0.0,0.0,0.0
3120.281,-61.0,-48.8,-73.2,0.0,0.0,0.0,13.8,11.4,6.9,0.0,0.0,0.0
3120.355,-48.8,-36.6,0.0,0.0,0.0,0.0,8.7,8.0,0.0,0.0,0.0,0.0
3120.428,-36.6,0.0,0.0,0.0,0.0,0.0,5.7,0.0,0.0,0.0,0.0,0.0
3120.500,-36.6,0.0,0.0,0.0,0.0,0.0,6.2,0.0,0.0,0.0,0.0,0.0
3125.023,48.8,36.6,61.0,24.4,0.0,0.0,21.6,19.8,12.3,10.1,0.0,0.0
3125.097,73.2,61.0,85.4,48.8,97.6,0.0,40.6,35.6,22.4,15.5,5.9,0.0
3125.171,85.4,73.2,97.6,61.0,0.0,0.0,21.8,17.1,12.4,6.7,0.0,0.0
3125.315,61.0,48.8,36.6,73.2,0.0,0.0,9.4,8.7,6.9,6.9,0.0,0.0
3125.390,12.2,24.4,36.6,0.0,0.0,0.0,26.3,18.7,6.9,0.0,0.0,0.0
3125.465,12.2,0.0,0.0,0.0,0.0,0.0,9.0,0.0,0.0,0.0,0.0,0.0
3126.032,-24.4,-36.6,0.0,0.0,0.0,0.0,7.1,6.5,0.0,0.0,0.0,0.0
3126.105,-48.8,-36.6,-61.0,0.0,0.0,0.0,8.5,8.1,6.9,0.0,0.0,0.0
3126.249,-61.0,-48.8,-73.2,0.0,0.0,0.0,10.8,8.7,6.7,0.0,0.0,0.0
3126.323,-73.2,-61.0,-85.4,0.0,0.0,0.0,10.1,7.6,6.3,0.0,0.0,0.0
3126.469,-48.8,-61.0,0.0,0.0,0.0,0.0,6.0,5.5,0.0,0.0,0.0,0.0
3126.614,-36.6,-24.4,0.0,0.0,0.0,0.0,6.2,5.0,0.0,0.0,0.0,0.0
3126.688,-24.4,0.0,0.0,0.0,0.0,0.0,5.0,0.0,0.0,0.0,0.0,0.0
3128.316,3110.0,0.0,0.0,0.0,0.0,0.0,5.0,0.0,0.0,0.0,0.0,0.0
3130.787,48.8,61.0,36.6,0.0,0.0,0.0,9.0,6.7,5.8,0.0,0.0,0.0
3130.862,85.4,73.2,97.6,0.0,0.0,0.0,9.1,5.7,5.1,0.0,0.0,0.0
3130.937,3110.0,61.0,0.0,0.0,0.0,0.0,6.2,5.2,0.0,0.0,0.0,0.0
3131.082,61.0,48.8,73.2,36.6,0.0,0.0,12.1,11.8,5.8,5.5,0.0,0.0
3131.156,24.4,36.6,12.2,0.0,0.0,0.0,9.2,8.6,6.0,0.0,0.0,0.0
3131.230,12.2,24.4,0.0,0.0,0.0,0.0,12.9,10.6,0.0,0.0,0.0,0.0
3131.302,-12.2,-24.4,0.0,0.0,0.0,0.0,9.9,8.3,0.0,0.0,0.0,0.0
3131.584,12.2,24.4,0.0,0.0,0.0,0.0,17.9,7.1,0.0,0.0,0.0,0.0
3131.657,12.2,-36.6,-48.8,-24.4,-61.0,0.0,19.2,17.5,15.7,12.0,7.8,0.0
3131.733,-12.2,-24.4,3110.0,0.0,0.0,0.0,6.7,5.8,5.3,0.0,0.0,0.0
3131.807,3110.0,0.0,0.0,0.0,0.0,0.0,6.0,0.0,0.0,0.0,0.0,0.0
3131.880,-61.0,-73.2,-48.8,-85.4,0.0,0.0,14.4,13.1,7.4,5.7,0.0,0.0
3131.955,-73.2,-61.0,-85.4,-48.8,0.0,0.0,17.0,15.1,9.3,6.5,0.0,0.0
3132.170,-48.8,0.0,0.0,0.0,0.0,0.0,5.1,0.0,0.0,0.0,0.0,0.0
3135.418,3110.0,0.0,0.0,0.0,0.0,0.0,5.1,0.0,0.0,0.0,0.0,0.0
3136.694,61.0,73.2,0.0,0.0,0.0,0.0,7.9,5.9,0.0,0.0,0.0,0.0
3136.837,85.4,73.2,97.6,0.0,0.0,0.0,11.3,10.4,6.6,0.0,0.0,0.0
3136.910,73.2,85.4,61.0,0.0,0.0,0.0,8.1,5.7,5.3,0.0,0.0,0.0
3137.054,36.6,24.4,0.0,0.0,0.0,0.0,6.3,5.8,0.0,0.0,0.0,0.0
3137.128,12.2,0.0,0.0,0.0,0.0,0.0,5.7,0.0,0.0,0.0,0.0,0.0
3137.556,-24.4,-36.6,-12.2,0.0,0.0,0.0,8.4,7.3,5.4,0.0,0.0,0.0
3137.630,-36.6,-24.4,-48.8,-12.2,0.0,0.0,8.3,6.8,6.1,5.1,0.0,0.0
3137.756,-24.4,-36.6,0.0,0.0,0.0,0.0,8.5,8.2,0.0,0.0,0.0,0.0
3137.775,-36.6,-48.8,0.0,0.0,0.0,0.0,6.1,5.7,0.0,0.0,0.0,0.0
3137.847,-61.0,-73.2,-48.8,-85.4,0.0,0.0,13.6,13.6,7.1,6.1,0.0,0.0
3137.920,-73.2,-85.4,-61.0,0.0,0.0,0.0,9.5,9.1,5.4,0.0,0.0,0.0
3137.993,-85.4,-73.2,0.0,0.0,0.0,0.0,5.8,5.6,0.0,0.0,0.0,0.0
3142.815,36.6,48.8,24.4,0.0,0.0,0.0,9.9,8.5,5.1,0.0,0.0,0.0
3142.889,12.2,36.6,24.4,48.8,0.0,0.0,8.3,7.5,6.6,5.4,0.0,0.0
3142.964,12.2,24.4,0.0,0.0,0.0,0.0,14.3,11.2,0.0,0.0,0.0,0.0
3143.038,-24.4,-12.2,-36.6,0.0,0.0,0.0,8.9,7.8,5.4,0.0,0.0,0.0
3143.322,-12.2,-24.4,-36.6,0.0,0.0,0.0,12.9,12.4,7.1,0.0,0.0,0.0
3143.395,12.2,-48.8,0.0,0.0,0.0,0.0,14.5,6.3,0.0,0.0,0.0,0.0
3143.468,-36.6,-48.8,-24.4,-61.0,0.0,0.0,8.8,8.2,7.1,5.6,0.0,0.0
3143.542,-48.8,-36.6,-61.0,0.0,0.0,0.0,9.2,6.9,6.7,0.0,0.0,0.0
3143.615,-73.2,-61.0,-85.4,0.0,0.0,0.0,12.4,10.4,6.6,0.0,0.0,0.0
3143.757,-73.2,-85.4,-61.0,-97.6,0.0,0.0,17.8,14.1,11.5,5.7,0.0,0.0
3143.830,-73.2,-85.4,-61.0,-36.6,0.0,0.0,12.9,9.9,6.1,5.5,0.0,0.0
3143.975,-36.6,-24.4,0.0,0.0,0.0,0.0,5.6,5.1,0.0,0.0,0.0,0.0
3148.207,61.0,48.8,0.0,0.0,0.0,0.0,9.4,9.3,0.0,0.0,0.0,0.0
3148.279,85.4,73.2,97.6,0.0,0.0,0.0,10.5,7.7,6.4,0.0,0.0,0.0
3148.352,85.4,97.6,73.2,109.8,0.0,0.0,21.7,19.6,11.9,8.3,0.0,0.0
3148.425,73.2,85.4,61.0,97.6,0.0,0.0,24.0,22.1,13.0,10.1,0.0,0.0
3148.498,48.8,36.6,61.0,0.0,0.0,0.0,9.4,8.6,5.3,0.0,0.0,0.0
3148.571,12.2,24.4,36.6,48.8,0.0,0.0,11.7,10.6,7.7,5.6,0.0,0.0
3148.644,12.2,24.4,36.6,0.0,0.0,0.0,12.2,10.7,5.7,0.0,0.0,0.0
3148.716,12.2,0.0,0.0,0.0,0.0,0.0,5.2,0.0,0.0,0.0,0.0,0.0
3149.137,-24.4,-36.6,-12.2,0.0,0.0,0.0,11.0,9.6,7.4,0.0,0.0,0.0
3149.210,-48.8,-61.0,-36.6,3110.0,3097.8,0.0,8.3,6.7,5.9,5.7,5.0,0.0
3149.284,-61.0,-48.8,3110.0,0.0,0.0,0.0,8.7,7.7,5.7,0.0,0.0,0.0
3149.357,-61.0,-73.2,-48.8,0.0,0.0,0.0,15.3,11.4,9.3,0.0,0.0,0.0
3149.430,-73.2,-61.0,-85.4,0.0,0.0,0.0,10.1,7.3,5.8,0.0,0.0,0.0
3149.502,-73.2,-85.4,-61.0,0.0,0.0,0.0,9.5,7.1,6.2,0.0,0.0,0.0
3149.574,-61.0,0.0,0.0,0.0,0.0,0.0,6.0,0.0,0.0,0.0,0.0,0.0
3149.645,-61.0,-48.8,-73.2,-36.6,0.0,0.0,19.0,14.2,12.7,6.4,0.0,0.0
3149.718,-48.8,-36.6,0.0,0.0,0.0,0.0,7.5,6.8,0.0,0.0,0.0,0.0
3153.179,3097.8,3110.0,0.0,0.0,0.0,0.0,5.4,5.3,0.0,0.0,0.0,0.0
3153.892,73.2,85.4,0.0,0.0,0.0,0.0,6.8,6.5,0.0,0.0,0.0,0.0
3153.966,85.4,73.2,0.0,0.0,0.0,0.0,6.9,6.2,0.0,0.0,0.0,0.0
3154.041,73.2,61.0,85.4,48.8,0.0,0.0,12.6,11.6,7.7,6.7,0.0,0.0
3154.187,36.6,24.4,0.0,0.0,0.0,0.0,9.1,6.6,0.0,0.0,0.0,0.0
3154.260,-12.2,-24.4,0.0,0.0,0.0,0.0,17.0,11.2,0.0,0.0,0.0,0.0
3154.333,12.2,0.0,0.0,0.0,0.0,0.0,6.0,0.0,0.0,0.0,0.0,0.0
3154.688,12.2,-24.4,-36.6,0.0,0.0,0.0,11.7,10.5,5.0,0.0,0.0,0.0
3154.761,12.2,24.4,-48.8,36.6,-61.0,0.0,37.7,26.1,10.3,9.0,6.8,0.0
3154.836,-61.0,-48.8,-73.2,0.0,0.0,0.0,8.2,6.5,5.5,0.0,0.0,0.0
3154.910,-48.8,-61.0,-36.6,0.0,0.0,0.0,12.3,8.3,7.9,0.0,0.0,0.0
3154.984,-73.2,-85.4,-61.0,0.0,0.0,0.0,7.8,6.1,6.0,0.0,0.0,0.0
3155.058,-73.2,0.0,0.0,0.0,0.0,0.0,5.3,0.0,0.0,0.0,0.0,0.0
3155.130,-85.4,-73.2,0.0,0.0,0.0,0.0,7.7,6.4,0.0,0.0,0.0,0.0
3155.204,-73.2,-85.4,-61.0,0.0,0.0,0.0,16.5,12.4,10.3,0.0,0.0,0.0
3155.279,-61.0,-48.8,0.0,0.0,0.0,0.0,6.4,5.0,0.0,0.0,0.0,0.0
3156.544,3097.8,3110.0,0.0,0.0,0.0,0.0,5.2,5.0,0.0,0.0,0.0,0.0
3156.636,3097.8,0.0,0.0,0.0,0.0,0.0,5.0,0.0,0.0,0.0,0.0,0.0
3157.492,3110.0,3097.8,0.0,0.0,0.0,0.0,5.3,5.2,0.0,0.0,0.0,0.0
3157.994,3097.8,3110.0,0.0,0.0,0.0,0.0,5.2,5.1,0.0,0.0,0.0,0.0
3159.699,3110.0,3097.8,0.0,0.0,0.0,0.0,5.3,5.2,0.0,0.0,0.0,0.0
3159.843,73.2,61.0,48.8,0.0,0.0,0.0,8.2,7.5,5.3,0.0,0.0,0.0
3159.917,97.6,85.4,109.8,0.0,0.0,0.0,13.1,10.5,6.9,0.0,0.0,0.0
3159.992,85.4,97.6,73.2,0.0,0.0,0.0,10.7,9.2,6.1,0.0,0.0,0.0
3160.065,73.2,85.4,61.0,97.6,0.0,0.0,15.5,12.4,10.6,6.0,0.0,0.0
3160.140,36.6,24.4,0.0,0.0,0.0,0.0,6.1,5.9,0.0,0.0,0.0,0.0
3160.214,24.4,12.2,36.6,48.8,0.0,0.0,10.1,10.0,9.2,5.2,0.0,0.0
3160.288,12.2,24.4,36.6,0.0,0.0,0.0,19.8,14.9,6.5,0.0,0.0,0.0
3160.853,-24.4,-36.6,-12.2,-48.8,0.0,0.0,17.1,14.7,10.0,6.5,0.0,0.0
3161.070,-48.8,-61.0,-36.6,-24.4,-73.2,0.0,21.2,15.4,15.0,5.8,5.4,0.0
3161.145,-73.2,-61.0,-85.4,-48.8,0.0,0.0,38.6,35.2,19.5,15.5,0.0,0.0
3161.219,-73.2,-61.0,-85.4,-97.6,-48.8,3110.0,39.9,26.7,26.5,7.4,6.5,5.4
3161.294,-61.0,-73.2,-48.8,-85.4,0.0,0.0,32.6,32.0,13.3,13.3,0.0,0.0
3161.368,-48.8,-61.0,-36.6,0.0,0.0,0.0,18.6,14.9,10.9,0.0,0.0,0.0
3161.442,-48.8,-36.6,0.0,0.0,0.0,0.0,5.9,5.2,0.0,0.0,0.0,0.0
3161.658,3110.0,0.0,0.0,0.0,0.0,0.0,5.0,0.0,0.0,0.0,0.0,0.0
3161.802,3110.0,0.0,0.0,0.0,0.0,0.0,5.4,0.0,0.0,0.0,0.0,0.0
3162.585,3110.0,0.0,0.0,0.0,0.0,0.0,5.0,0.0,0.0,0.0,0.0,0.0
3163.368,3110.0,0.0,0.0,0.0,0.0,0.0,5.0,0.0,0.0,0.0,0.0,0.0
3164.083,3110.0,3097.8,0.0,0.0,0.0,0.0,5.5,5.4,0.0,0.0,0.0,0.0
3164.299,3110.0,0.0,0.0,0.0,0.0,0.0,5.0,0.0,0.0,0.0,0.0,0.0
3165.939,61.0,48.8,0.0,0.0,0.0,0.0,5.7,5.5,0.0,0.0,0.0,0.0
3166.013,85.4,73.2,97.6,61.0,0.0,0.0,14.3,13.2,6.7,5.0,0.0,0.0
3166.088,85.4,97.6,73.2,24.4,0.0,0.0,15.9,10.8,10.3,5.5,0.0,0.0
3166.162,73.2,61.0,3110.0,0.0,0.0,0.0,7.1,5.6,5.3,0.0,0.0,0.0
3166.235,73.2,61.0,0.0,0.0,0.0,0.0,6.2,6.1,0.0,0.0,0.0,0.0
3166.309,36.6,48.8,12.2,24.4,0.0,0.0,7.7,7.3,5.5,5.4,0.0,0.0
3166.383,12.2,24.4,36.6,0.0,0.0,0.0,18.3,15.9,5.8,0.0,0.0,0.0
3166.457,-12.2,-24.4,0.0,0.0,0.0,0.0,18.9,13.2,0.0,0.0,0.0,0.0
3166.530,-12.2,-24.4,0.0,0.0,0.0,0.0,11.1,8.0,0.0,0.0,0.0,0.0
3166.813,12.2,24.4,0.0,0.0,0.0,0.0,21.9,13.3,0.0,0.0,0.0,0.0
3166.886,12.2,24.4,-48.8,-61.0,36.6,0.0,34.9,20.6,9.5,8.7,7.1,0.0
3166.961,-24.4,-36.6,-12.2,0.0,0.0,0.0,9.3,8.0,6.7,0.0,0.0,0.0
3167.036,-61.0,-48.8,-73.2,-36.6,0.0,0.0,14.7,14.6,6.6,6.6,0.0,0.0
3167.110,-61.0,-73.2,-48.8,0.0,0.0,0.0,15.3,13.1,8.2,0.0,0.0,0.0
3167.183,-73.2,-85.4,0.0,0.0,0.0,0.0,7.1,5.4,0.0,0.0,0.0,0.0
3167.327,-61.0,-73.2,0.0,0.0,0.0,0.0,10.2,9.5,0.0,0.0,0.0,0.0
3171.700,48.8,61.0,36.6,0.0,0.0,0.0,11.8,10.9,5.6,0.0,0.0,0.0
3171.773,85.4,73.2,97.6,61.0,0.0,0.0,23.7,19.6,12.4,6.2,0.0,0.0
3171.848,85.4,97.6,0.0,0.0,0.0,0.0,10.1,9.3,0.0,0.0,0.0,0.0
3171.922,85.4,73.2,0.0,0.0,0.0,0.0,10.1,8.2,0.0,0.0,0.0,0.0
3171.997,48.8,73.2,61.0,0.0,0.0,0.0,7.9,5.2,5.1,0.0,0.0,0.0
3172.072,12.2,24.4,48.8,0.0,0.0,0.0,22.8,13.6,5.6,0.0,0.0,0.0
3172.146,24.4,12.2,36.6,0.0,0.0,0.0,10.6,7.8,5.7,0.0,0.0,0.0
3172.573,-24.4,-12.2,-36.6,0.0,0.0,0.0,12.7,10.5,8.4,0.0,0.0,0.0
3172.647,-48.8,-12.2,-61.0,0.0,0.0,0.0,6.8,6.5,5.5,0.0,0.0,0.0
3172.721,3110.0,0.0,0.0,0.0,0.0,0.0,5.3,0.0,0.0,0.0,0.0,0.0
3172.794,-61.0,-48.8,-73.2,0.0,0.0,0.0,11.7,9.8,8.6,0.0,0.0,0.0
3172.868,-73.2,-61.0,-85.4,0.0,0.0,0.0,11.8,9.2,6.8,0.0,0.0,0.0
3172.943,-73.2,-85.4,-61.0,-97.6,0.0,0.0,14.8,13.4,6.6,5.0,0.0,0.0
3173.018,-73.2,-85.4,0.0,0.0,0.0,0.0,9.4,9.3,0.0,0.0,0.0,0.0
3177.254,73.2,85.4,0.0,0.0,0.0,0.0,6.8,6.0,0.0,0.0,0.0,0.0
3177.398,12.2,24.4,0.0,0.0,0.0,0.0,5.6,5.1,0.0,0.0,0.0,0.0
3177.471,12.2,24.4,0.0,0.0,0.0,0.0,14.0,8.2,0.0,0.0,0.0,0.0
3177.544,-12.2,0.0,0.0,0.0,0.0,0.0,5.8,0.0,0.0,0.0,0.0,0.0
3177.828,12.2,24.4,0.0,0.0,0.0,0.0,13.8,8.8,0.0,0.0,0.0,0.0
3177.901,12.2,24.4,0.0,0.0,0.0,0.0,21.0,8.8,0.0,0.0,0.0,0.0
3177.974,-36.6,-48.8,-61.0,0.0,0.0,0.0,6.5,6.0,5.2,0.0,0.0,0.0
3178.048,-48.8,0.0,0.0,0.0,0.0,0.0,6.1,0.0,0.0,0.0,0.0,0.0
3178.120,-61.0,0.0,0.0,0.0,0.0,0.0,5.3,0.0,0.0,0.0,0.0,0.0
3178.192,-73.2,0.0,0.0,0.0,0.0,0.0,6.1,0.0,0.0,0.0,0.0,0.0
3178.265,-48.8,-61.0,0.0,0.0,0.0,0.0,6.6,5.9,0.0,0.0,0.0,0.0
3178.338,-73.2,-61.0,-85.4,-48.8,0.0,0.0,9.5,9.0,5.8,5.6,0.0,0.0
3182.674,24.4,36.6,0.0,0.0,0.0,0.0,5.8,5.5,0.0,0.0,0.0,0.0
3182.818,85.4,97.6,73.2,0.0,0.0,0.0,8.9,7.4,5.2,0.0,0.0,0.0
3182.892,85.4,97.6,73.2,109.8,0.0,0.0,23.9,19.6,13.8,7.3,0.0,0.0
3182.966,73.2,85.4,61.0,0.0,0.0,0.0,21.8,15.2,14.4,0.0,0.0,0.0
3183.038,61.0,48.8,24.4,36.6,0.0,0.0,7.6,6.5,6.1,5.9,0.0,0.0
3183.113,12.2,36.6,48.8,0.0,0.0,0.0,8.1,5.1,5.1,0.0,0.0,0.0
3183.186,12.2,24.4,0.0,0.0,0.0,0.0,9.5,8.5,0.0,0.0,0.0,0.0
3183.612,-24.4,-36.6,-12.2,0.0,0.0,0.0,16.8,12.1,11.3,0.0,0.0,0.0
3183.686,-36.6,-48.8,-24.4,0.0,0.0,0.0,9.4,7.7,5.4,0.0,0.0,0.0
3183.760,-61.0,0.0,0.0,0.0,0.0,0.0,6.2,0.0,0.0,0.0,0.0,0.0
3183.974,-73.2,-85.4,-61.0,0.0,0.0,0.0,12.6,9.9,7.5,0.0,0.0,0.0
3184.048,-73.2,-85.4,-61.0,0.0,0.0,0.0,10.5,7.9,6.6,0.0,0.0,0.0
3184.122,-73.2,-61.0,0.0,0.0,0.0,0.0,6.5,5.3,0.0,0.0,0.0,0.0
3188.089,85.4,73.2,0.0,0.0,0.0,0.0,7.5,7.0,0.0,0.0,0.0,0.0
3188.163,85.4,73.2,97.6,61.0,0.0,0.0,14.7,12.6,7.8,5.5,0.0,0.0
3188.237,73.2,61.0,85.4,0.0,0.0,0.0,14.1,9.9,8.9,0.0,0.0,0.0
3188.311,61.0,48.8,73.2,36.6,0.0,0.0,9.3,8.3,7.6,6.0,0.0,0.0
3188.385,12.2,24.4,36.6,48.8,61.0,0.0,9.7,8.2,8.1,7.5,5.0,0.0
3188.461,-12.2,36.6,24.4,0.0,0.0,0.0,8.9,7.2,6.4,0.0,0.0,0.0
3188.535,-12.2,-24.4,0.0,0.0,0.0,0.0,11.1,7.3,0.0,0.0,0.0,0.0
3188.821,12.2,24.4,-36.6,0.0,0.0,0.0,19.4,10.7,6.0,0.0,0.0,0.0
3188.895,12.2,24.4,-48.8,-61.0,0.0,0.0,24.7,12.8,8.9,8.6,0.0,0.0
3188.970,-36.6,-24.4,0.0,0.0,0.0,0.0,8.6,8.2,0.0,0.0,0.0,0.0
3189.044,-61.0,-48.8,-73.2,0.0,0.0,0.0,13.5,10.9,8.4,0.0,0.0,0.0
3189.117,-73.2,-85.4,-61.0,0.0,0.0,0.0,14.8,12.4,7.8,0.0,0.0,0.0
3189.190,-85.4,-97.6,-73.2,0.0,0.0,0.0,10.5,6.7,6.0,0.0,0.0,0.0
3189.264,-73.2,-85.4,-61.0,0.0,0.0,0.0,12.1,8.4,6.7,0.0,0.0,0.0
3193.301,48.8,36.6,61.0,24.4,0.0,0.0,12.7,12.0,6.8,5.1,0.0,0.0
3193.375,85.4,73.2,0.0,0.0,0.0,0.0,7.6,6.6,0.0,0.0,0.0,0.0
3193.449,97.6,85.4,109.8,0.0,0.0,0.0,9.8,8.4,5.5,0.0,0.0,0.0
3193.524,85.4,73.2,0.0,0.0,0.0,0.0,8.9,7.2,0.0,0.0,0.0,0.0
3193.668,24.4,12.2,36.6,48.8,0.0,0.0,8.4,6.8,6.6,5.2,0.0,0.0
3193.743,12.2,24.4,0.0,0.0,0.0,0.0,9.1,6.5,0.0,0.0,0.0,0.0
3194.170,-24.4,-12.2,-36.6,0.0,0.0,0.0,12.7,11.6,6.7,0.0,0.0,0.0
3194.315,-48.8,0.0,0.0,0.0,0.0,0.0,5.2,0.0,0.0,0.0,0.0,0.0
3194.387,-61.0,-73.2,0.0,0.0,0.0,0.0,6.4,5.8,0.0,0.0,0.0,0.0
3194.602,-73.2,0.0,0.0,0.0,0.0,0.0,5.8,0.0,0.0,0.0,0.0,0.0
3194.675,-61.0,-73.2,-48.8,0.0,0.0,0.0,8.5,7.4,5.3,0.0,0.0,0.0
3198.761,61.0,48.8,0.0,0.0,0.0,0.0,8.4,7.6,0.0,0.0,0.0,0.0
3198.905,61.0,0.0,0.0,0.0,0.0,0.0,5.4,0.0,0.0,0.0,0.0,0.0
3198.976,61.0,48.8,73.2,36.6,0.0,0.0,12.4,11.1,6.3,5.6,0.0,0.0
3199.049,48.8,36.6,61.0,0.0,0.0,0.0,9.4,7.9,5.4,0.0,0.0,0.0
3199.122,24.4,0.0,0.0,0.0,0.0,0.0,5.0,0.0,0.0,0.0,0.0,0.0
3199.193,12.2,24.4,0.0,0.0,0.0,0.0,6.9,5.8,0.0,0.0,0.0,0.0
3199.266,12.2,24.4,0.0,0.0,0.0,0.0,12.2,7.5,0.0,0.0,0.0,0.0
3199.339,-12.2,0.0,0.0,0.0,0.0,0.0,6.2,0.0,0.0,0.0,0.0,0.0
3199.620,12.2,-24.4,-36.6,-48.8,0.0,0.0,17.5,13.4,13.4,6.4,0.0,0.0
3199.693,12.2,-36.6,-24.4,-48.8,0.0,0.0,17.6,7.9,7.7,7.0,0.0,0.0
3199.767,-36.6,-24.4,-48.8,0.0,0.0,0.0,9.2,7.6,6.1,0.0,0.0,0.0
3199.839,-61.0,0.0,0.0,0.0,0.0,0.0,5.4,0.0,0.0,0.0,0.0,0.0
3199.909,-73.2,-61.0,0.0,0.0,0.0,0.0,6.6,5.5,0.0,0.0,0.0,0.0
3199.981,-73.2,0.0,0.0,0.0,0.0,0.0,6.5,0.0,0.0,0.0,0.0,0.0
3200.054,-73.2,-85.4,-61.0,0.0,0.0,0.0,9.8,7.5,6.4,0.0,0.0,0.0
3200.128,3110.0,0.0,0.0,0.0,0.0,0.0,6.5,0.0,0.0,0.0,0.0,0.0
3204.688,36.6,48.8,0.0,0.0,0.0,0.0,7.7,6.4,0.0,0.0,0.0,0.0
3204.761,73.2,61.0,85.4,0.0,0.0,0.0,9.8,8.2,6.0,0.0,0.0,0.0
3204.834,73.2,85.4,0.0,0.0,0.0,0.0,6.0,5.4,0.0,0.0,0.0,0.0
3204.978,73.2,85.4,0.0,0.0,0.0,0.0,6.2,5.4,0.0,0.0,0.0,0.0
3205.050,48.8,61.0,0.0,0.0,0.0,0.0,6.7,6.4,0.0,0.0,0.0,0.0
3205.124,12.2,24.4,36.6,0.0,0.0,0.0,9.7,9.7,5.9,0.0,0.0,0.0
3205.198,12.2,24.4,0.0,0.0,0.0,0.0,8.8,5.5,0.0,0.0,0.0,0.0
3205.272,-12.2,-24.4,-36.6,0.0,0.0,0.0,13.9,12.1,6.0,0.0,0.0,0.0
3205.844,-12.2,0.0,0.0,0.0,0.0,0.0,5.5,0.0,0.0,0.0,0.0,0.0
3205.987,-48.8,-36.6,-61.0,0.0,0.0,0.0,11.4,8.8,7.0,0.0,0.0,0.0
3206.061,-24.4,-12.2,0.0,0.0,0.0,0.0,7.1,6.2,0.0,0.0,0.0,0.0
3206.134,-48.8,-36.6,0.0,0.0,0.0,0.0,9.9,8.8,0.0,0.0,0.0,0.0
3206.208,-61.0,-73.2,-48.8,-85.4,0.0,0.0,17.1,14.2,9.4,5.4,0.0,0.0
3206.282,-73.2,-85.4,-61.0,-97.6,0.0,0.0,19.2,14.5,11.3,5.3,0.0,0.0
3206.356,-73.2,-85.4,-61.0,0.0,0.0,0.0,18.1,12.2,11.8,0.0,0.0,0.0
3206.430,-61.0,-73.2,-48.8,0.0,0.0,0.0,11.6,9.8,6.8,0.0,0.0,0.0
3206.504,-48.8,-36.6,0.0,0.0,0.0,0.0,7.3,5.4,0.0,0.0,0.0,0.0
3210.668,61.0,48.8,0.0,0.0,0.0,0.0,6.5,5.1,0.0,0.0,0.0,0.0
3210.810,85.4,73.2,97.6,0.0,0.0,0.0,9.9,8.3,6.2,0.0,0.0,0.0
3210.955,61.0,48.8,36.6,73.2,0.0,0.0,10.7,8.6,6.2,6.0,0.0,0.0
3211.030,12.2,24.4,36.6,0.0,0.0,0.0,13.6,13.0,9.1,0.0,0.0,0.0
3211.173,-12.2,-24.4,0.0,0.0,0.0,0.0,15.8,10.8,0.0,0.0,0.0,0.0
3211.245,-12.2,-24.4,0.0,0.0,0.0,0.0,7.3,6.0,0.0,0.0,0.0,0.0
3211.457,12.2,24.4,-36.6,0.0,0.0,0.0,26.4,11.6,6.9,0.0,0.0,0.0
3211.530,12.2,-36.6,-24.4,-48.8,0.0,0.0,16.8,10.5,9.2,7.2,0.0,0.0
3211.885,-73.2,-85.4,-61.0,0.0,0.0,0.0,10.3,7.6,7.0,0.0,0.0,0.0
3211.958,-61.0,-73.2,0.0,0.0,0.0,0.0,7.9,7.2,0.0,0.0,0.0,0.0
3212.030,-48.8,-36.6,0.0,0.0,0.0,0.0,5.7,5.4,0.0,0.0,0.0,0.0
3216.631,73.2,85.4,61.0,97.6,0.0,0.0,12.6,12.2,6.1,5.8,0.0,0.0
3216.706,85.4,97.6,73.2,109.8,0.0,0.0,18.1,16.2,9.5,6.1,0.0,0.0
3216.780,85.4,73.2,97.6,61.0,0.0,0.0,27.3,21.1,17.1,7.9,0.0,0.0
3216.855,61.0,48.8,73.2,0.0,0.0,0.0,16.1,11.9,9.5,0.0,0.0,0.0
3216.930,12.2,24.4,0.0,0.0,0.0,0.0,8.2,6.0,0.0,0.0,0.0,0.0
3217.075,12.2,0.0,0.0,0.0,0.0,0.0,5.2,0.0,0.0,0.0,0.0,0.0
3217.430,-24.4,-12.2,-36.6,0.0,0.0,0.0,10.8,6.8,6.7,0.0,0.0,0.0
3217.504,-36.6,-48.8,-24.4,-12.2,0.0,0.0,7.6,7.2,5.4,5.1,0.0,0.0
3217.578,-61.0,-48.8,0.0,0.0,0.0,0.0,7.8,6.9,0.0,0.0,0.0,0.0
3217.721,-61.0,-73.2,0.0,0.0,0.0,0.0,7.2,6.3,0.0,0.0,0.0,0.0
3222.973,85.4,97.6,73.2,0.0,0.0,0.0,14.3,12.1,7.6,0.0,0.0,0.0
3223.047,85.4,73.2,97.6,61.0,0.0,0.0,23.6,20.4,12.3,7.5,0.0,0.0
3223.263,-12.2,24.4,36.6,0.0,0.0,0.0,13.0,11.4,9.0,0.0,0.0,0.0
3223.337,-12.2,-24.4,-36.6,0.0,0.0,0.0,29.4,20.9,6.7,0.0,0.0,0.0
3223.411,-12.2,-24.4,-36.6,0.0,0.0,0.0,27.5,22.9,8.8,0.0,0.0,0.0
3223.624,12.2,0.0,0.0,0.0,0.0,0.0,9.1,0.0,0.0,0.0,0.0,0.0
3223.695,12.2,24.4,-48.8,-36.6,-61.0,0.0,23.3,12.8,9.4,6.9,5.4,0.0
3223.769,-24.4,-36.6,-12.2,-48.8,-61.0,0.0,10.0,8.6,7.8,6.8,5.4,0.0
3223.914,-73.2,-61.0,-85.4,0.0,0.0,0.0,9.5,8.1,5.1,0.0,0.0,0.0
3223.987,-73.2,-85.4,-61.0,0.0,0.0,0.0,14.3,11.5,8.5,0.0,0.0,0.0
3224.061,-73.2,-85.4,0.0,0.0,0.0,0.0,7.6,6.5,0.0,0.0,0.0,0.0
3224.204,-48.8,0.0,0.0,0.0,0.0,0.0,5.7,0.0,0.0,0.0,0.0,0.0
3228.948,61.0,0.0,0.0,0.0,0.0,0.0,5.6,0.0,0.0,0.0,0.0,0.0
3229.093,48.8,36.6,61.0,0.0,0.0,0.0,7.9,5.9,5.2,0.0,0.0,0.0
3229.167,36.6,48.8,24.4,0.0,0.0,0.0,9.1,6.2,5.2,0.0,0.0,0.0
3229.241,12.2,0.0,0.0,0.0,0.0,0.0,6.4,0.0,0.0,0.0,0.0,0.0
3230.094,-36.6,-48.8,-24.4,-61.0,0.0,0.0,13.4,11.6,8.6,5.5,0.0,0.0
3230.169,-24.4,-12.2,-61.0,-36.6,-48.8,0.0,13.2,10.3,6.9,6.2,5.8,0.0
3230.315,-61.0,-48.8,0.0,0.0,0.0,0.0,6.5,5.6,0.0,0.0,0.0,0.0
3230.388,-61.0,0.0,0.0,0.0,0.0,0.0,5.2,0.0,0.0,0.0,0.0,0.0
3230.460,-61.0,-73.2,-48.8,0.0,0.0,0.0,8.1,5.9,5.2,0.0,0.0,0.0
3230.534,-61.0,-48.8,-73.2,0.0,0.0,0.0,8.5,6.5,5.9,0.0,0.0,0.0
3230.607,-48.8,-36.6,0.0,0.0,0.0,0.0,6.3,5.9,0.0,0.0,0.0,0.0
3235.914,24.4,36.6,12.2,0.0,0.0,0.0,11.1,9.2,6.1,0.0,0.0,0.0
3235.989,12.2,24.4,36.6,0.0,0.0,0.0,21.5,13.0,7.7,0.0,0.0,0.0
3236.062,12.2,24.4,36.6,0.0,0.0,0.0,14.6,12.0,5.2,0.0,0.0,0.0
3236.135,12.2,0.0,0.0,0.0,0.0,0.0,7.1,0.0,0.0,0.0,0.0,0.0
3236.420,12.2,24.4,-36.6,0.0,0.0,0.0,17.2,9.4,7.6,0.0,0.0,0.0
3236.494,12.2,-24.4,0.0,0.0,0.0,0.0,8.8,5.8,0.0,0.0,0.0,0.0
3236.567,-12.2,-24.4,-36.6,3110.0,0.0,0.0,14.8,14.5,7.8,5.9,0.0,0.0
3236.713,-36.6,0.0,0.0,0.0,0.0,0.0,6.4,0.0,0.0,0.0,0.0,0.0
3236.785,-73.2,-85.4,-61.0,0.0,0.0,0.0,18.0,13.7,11.7,0.0,0.0,0.0
3236.859,-97.6,-85.4,-109.8,-73.2,0.0,0.0,20.0,19.0,10.0,8.6,0.0,0.0
3236.934,-73.2,-85.4,-61.0,-97.6,0.0,0.0,20.6,16.3,11.9,5.2,0.0,0.0
3237.009,-61.0,-73.2,-48.8,0.0,0.0,0.0,11.0,7.7,7.4,0.0,0.0,0.0
3237.154,-24.4,-36.6,0.0,0.0,0.0,0.0,6.7,5.8,0.0,0.0,0.0,0.0
3242.885,48.8,61.0,0.0,0.0,0.0,0.0,5.5,5.0,0.0,0.0,0.0,0.0
3242.958,85.4,73.2,0.0,0.0,0.0,0.0,7.0,6.3,0.0,0.0,0.0,0.0
3243.170,36.6,0.0,0.0,0.0,0.0,0.0,5.1,0.0,0.0,0.0,0.0,0.0
3243.242,12.2,24.4,48.8,61.0,0.0,0.0,27.8,14.5,7.2,7.1,0.0,0.0
3243.317,24.4,12.2,0.0,0.0,0.0,0.0,6.7,5.6,0.0,0.0,0.0,0.0
3243.744,12.2,-48.8,24.4,0.0,0.0,0.0,10.8,5.4,5.2,0.0,0.0,0.0
3243.818,-48.8,0.0,0.0,0.0,0.0,0.0,6.0,0.0,0.0,0.0,0.0,0.0
3243.890,-61.0,-73.2,0.0,0.0,0.0,0.0,9.3,7.4,0.0,0.0,0.0,0.0
3244.034,-73.2,-85.4,0.0,0.0,0.0,0.0,8.2,6.3,0.0,0.0,0.0,0.0
3244.107,-85.4,0.0,0.0,0.0,0.0,0.0,5.8,0.0,0.0,0.0,0.0,0.0
3244.251,-61.0,-48.8,0.0,0.0,0.0,0.0,6.2,5.7,0.0,0.0,0.0,0.0
3246.938,3110.0,0.0,0.0,0.0,0.0,0.0,5.1,0.0,0.0,0.0,0.0,0.0
3250.068,85.4,73.2,97.6,0.0,0.0,0.0,9.6,8.0,6.0,0.0,0.0,0.0
3250.142,85.4,0.0,0.0,0.0,0.0,0.0,5.3,0.0,0.0,0.0,0.0,0.0
3250.286,61.0,48.8,73.2,0.0,0.0,0.0,6.1,5.5,5.1,0.0,0.0,0.0
3250.361,12.2,48.8,61.0,36.6,24.4,0.0,14.2,12.3,8.7,7.5,5.2,0.0
3250.435,12.2,0.0,0.0,0.0,0.0,0.0,5.8,0.0,0.0,0.0,0.0,0.0
3250.507,-12.2,-24.4,0.0,0.0,0.0,0.0,8.3,6.3,0.0,0.0,0.0,0.0
3250.719,-24.4,-12.2,0.0,0.0,0.0,0.0,8.4,6.2,0.0,0.0,0.0,0.0
3250.791,-48.8,-36.6,-12.2,-61.0,-24.4,0.0,10.8,8.0,7.9,7.0,6.6,0.0
3250.865,-61.0,-73.2,-48.8,0.0,0.0,0.0,12.8,10.9,6.2,0.0,0.0,0.0
3251.078,-85.4,0.0,0.0,0.0,0.0,0.0,5.2,0.0,0.0,0.0,0.0,0.0
3251.863,3110.0,0.0,0.0,0.0,0.0,0.0,5.3,0.0,0.0,0.0,0.0,0.0
3252.154,3110.0,0.0,0.0,0.0,0.0,0.0,5.6,0.0,0.0,0.0,0.0,0.0
3252.299,3110.0,0.0,0.0,0.0,0.0,0.0,6.1,0.0,0.0,0.0,0.0,0.0
3252.727,3110.0,0.0,0.0,0.0,0.0,0.0,5.1,0.0,0.0,0.0,0.0,0.0
3253.087,3110.0,0.0,0.0,0.0,0.0,0.0,5.9,0.0,0.0,0.0,0.0,0.0
3253.588,3110.0,0.0,0.0,0.0,0.0,0.0,5.1,0.0,0.0,0.0,0.0,0.0
3255.012,3110.0,0.0,0.0,0.0,0.0,0.0,5.2,0.0,0.0,0.0,0.0,0.0
3255.512,3110.0,0.0,0.0,0.0,0.0,0.0,6.1,0.0,0.0,0.0,0.0,0.0
3256.013,3110.0,0.0,0.0,0.0,0.0,0.0,5.5,0.0,0.0,0.0,0.0,0.0
3256.228,3110.0,0.0,0.0,0.0,0.0,0.0,5.2,0.0,0.0,0.0,0.0,0.0
3256.372,3110.0,0.0,0.0,0.0,0.0,0.0,5.2,0.0,0.0,0.0,0.0,0.0
3256.516,3110.0,0.0,0.0,0.0,0.0,0.0,5.4,0.0,0.0,0.0,0.0,0.0
3256.589,3110.0,0.0,0.0,0.0,0.0,0.0,5.7,0.0,0.0,0.0,0.0,0.0
3257.162,3110.0,0.0,0.0,0.0,0.0,0.0,5.2,0.0,0.0,0.0,0.0,0.0
3257.591,48.8,61.0,36.6,0.0,0.0,0.0,9.2,7.3,5.7,0.0,0.0,0.0
3257.666,73.2,61.0,85.4,0.0,0.0,0.0,12.5,9.6,8.5,0.0,0.0,0.0
3257.740,85.4,73.2,97.6,61.0,0.0,0.0,9.8,8.9,5.5,5.2,0.0,0.0
3257.814,73.2,85.4,61.0,0.0,0.0,0.0,12.2,11.6,5.5,0.0,0.0,0.0
3257.888,48.8,0.0,0.0,0.0,0.0,0.0,5.5,0.0,0.0,0.0,0.0,0.0
3257.959,12.2,24.4,61.0,48.8,36.6,0.0,12.4,10.2,6.9,6.7,5.6,0.0
3258.033,24.4,36.6,12.2,0.0,0.0,0.0,8.4,8.2,7.6,0.0,0.0,0.0
3258.460,-24.4,-12.2,-36.6,0.0,0.0,0.0,19.8,15.6,13.4,0.0,0.0,0.0
3258.534,-36.6,-48.8,-24.4,0.0,0.0,0.0,7.6,6.5,5.7,0.0,0.0,0.0
3258.610,-36.6,-24.4,0.0,0.0,0.0,0.0,5.3,5.2,0.0,0.0,0.0,0.0
3258.824,-73.2,-61.0,-85.4,0.0,0.0,0.0,9.6,7.1,6.5,0.0,0.0,0.0
3258.899,-61.0,-73.2,0.0,0.0,0.0,0.0,7.5,6.7,0.0,0.0,0.0,0.0
3259.402,3110.0,0.0,0.0,0.0,0.0,0.0,6.1,0.0,0.0,0.0,0.0,0.0
3259.617,3097.8,3110.0,0.0,0.0,0.0,0.0,5.6,5.4,0.0,0.0,0.0,0.0
3259.906,3110.0,0.0,0.0,0.0,0.0,0.0,5.3,0.0,0.0,0.0,0.0,0.0
3260.052,3097.8,3110.0,0.0,0.0,0.0,0.0,6.0,5.5,0.0,0.0,0.0,0.0
3260.198,3110.0,0.0,0.0,0.0,0.0,0.0,6.0,0.0,0.0,0.0,0.0,0.0
3260.272,3110.0,0.0,0.0,0.0,0.0,0.0,5.2,0.0,0.0,0.0,0.0,0.0
3260.706,3110.0,0.0,0.0,0.0,0.0,0.0,5.7,0.0,0.0,0.0,0.0,0.0
3260.851,3110.0,0.0,0.0,0.0,0.0,0.0,5.4,0.0,0.0,0.0,0.0,0.0
3261.138,3110.0,0.0,0.0,0.0,0.0,0.0,5.1,0.0,0.0,0.0,0.0,0.0
3261.283,3110.0,0.0,0.0,0.0,0.0,0.0,6.0,0.0,0.0,0.0,0.0,0.0
3262.497,3110.0,3097.8,0.0,0.0,0.0,0.0,5.4,5.2,0.0,0.0,0.0,0.0
3264.555,3110.0,0.0,0.0,0.0,0.0,0.0,5.2,0.0,0.0,0.0,0.0,0.0
3265.056,73.2,61.0,0.0,0.0,0.0,0.0,8.0,7.4,0.0,0.0,0.0,0.0
3265.129,85.4,97.6,0.0,0.0,0.0,0.0,8.0,7.5,0.0,0.0,0.0,0.0
3265.203,85.4,97.6,73.2,0.0,0.0,0.0,15.5,12.4,8.7,0.0,0.0,0.0
3265.277,73.2,61.0,85.4,0.0,0.0,0.0,13.0,10.7,8.2,0.0,0.0,0.0
3265.352,12.2,24.4,36.6,61.0,0.0,0.0,10.9,10.9,5.9,5.4,0.0,0.0
3265.427,12.2,24.4,0.0,0.0,0.0,0.0,11.7,7.6,0.0,0.0,0.0,0.0
3265.500,12.2,24.4,0.0,0.0,0.0,0.0,6.8,5.1,0.0,0.0,0.0,0.0
3265.925,12.2,-36.6,-24.4,-48.8,0.0,0.0,21.2,16.2,16.1,7.6,0.0,0.0
3266.000,-48.8,-36.6,-61.0,-24.4,0.0,0.0,8.9,8.4,5.2,5.1,0.0,0.0
3266.074,-36.6,-24.4,0.0,0.0,0.0,0.0,7.5,6.1,0.0,0.0,0.0,0.0
3266.147,-73.2,0.0,0.0,0.0,0.0,0.0,5.4,0.0,0.0,0.0,0.0,0.0
3266.219,-73.2,-61.0,-85.4,-48.8,0.0,0.0,10.5,9.3,6.0,5.4,0.0,0.0
3266.437,-73.2,-61.0,0.0,0.0,0.0,0.0,5.6,5.6,0.0,0.0,0.0,0.0
3267.715,3110.0,0.0,0.0,0.0,0.0,0.0,5.1,0.0,0.0,0.0,0.0,0.0
3268.429,3097.8,3110.0,0.0,0.0,0.0,0.0,5.2,5.1,0.0,0.0,0.0,0.0
3273.174,3110.0,3097.8,0.0,0.0,0.0,0.0,5.4,5.3,0.0,0.0,0.0,0.0
3273.390,61.0,73.2,48.8,85.4,36.6,0.0,27.2,22.9,16.3,8.9,5.6,0.0
3273.466,73.2,85.4,0.0,0.0,0.0,0.0,6.5,5.6,0.0,0.0,0.0,0.0
3273.540,85.4,97.6,0.0,0.0,0.0,0.0,9.9,9.2,0.0,0.0,0.0,0.0
3273.613,73.2,61.0,85.4,0.0,0.0,0.0,10.7,7.3,6.5,0.0,0.0,0.0
3273.686,12.2,24.4,0.0,0.0,0.0,0.0,6.2,5.7,0.0,0.0,0.0,0.0
3273.759,12.2,24.4,36.6,0.0,0.0,0.0,19.8,15.1,8.6,0.0,0.0,0.0
3273.834,12.2,24.4,0.0,0.0,0.0,0.0,6.3,6.1,0.0,0.0,0.0,0.0
3274.263,-24.4,-36.6,-12.2,-48.8,0.0,0.0,14.8,14.2,7.8,6.0,0.0,0.0
3274.339,-36.6,-48.8,-24.4,0.0,0.0,0.0,9.0,8.3,6.6,0.0,0.0,0.0
3274.413,-61.0,0.0,0.0,0.0,0.0,0.0,5.9,0.0,0.0,0.0,0.0,0.0
3274.485,-61.0,0.0,0.0,0.0,0.0,0.0,5.0,0.0,0.0,0.0,0.0,0.0
3274.557,-73.2,-85.4,0.0,0.0,0.0,0.0,6.3,5.4,0.0,0.0,0.0,0.0
3274.631,-73.2,-85.4,0.0,0.0,0.0,0.0,8.5,7.0,0.0,0.0,0.0,0.0
3274.705,-61.0,-73.2,0.0,0.0,0.0,0.0,6.6,6.5,0.0,0.0,0.0,0.0
3274.779,3110.0,0.0,0.0,0.0,0.0,0.0,6.8,0.0,0.0,0.0,0.0,0.0
3275.208,3097.8,0.0,0.0,0.0,0.0,0.0,5.1,0.0,0.0,0.0,0.0,0.0
3276.277,3110.0,0.0,0.0,0.0,0.0,0.0,5.2,0.0,0.0,0.0,0.0,0.0
3276.847,3110.0,0.0,0.0,0.0,0.0,0.0,5.2,0.0,0.0,0.0,0.0,0.0
3282.162,73.2,61.0,85.4,0.0,0.0,0.0,10.7,9.1,5.5,0.0,0.0,0.0
3282.235,85.4,97.6,109.8,73.2,0.0,0.0,19.3,19.1,8.8,8.6,0.0,0.0
3282.310,85.4,0.0,0.0,0.0,0.0,0.0,6.5,0.0,0.0,0.0,0.0,0.0
3282.382,73.2,85.4,0.0,0.0,0.0,0.0,10.5,8.9,0.0,0.0,0.0,0.0
3282.455,12.2,36.6,48.8,0.0,0.0,0.0,7.6,5.3,5.1,0.0,0.0,0.0
3282.529,24.4,12.2,36.6,0.0,0.0,0.0,16.9,14.5,9.8,0.0,0.0,0.0
3282.884,-24.4,-12.2,0.0,0.0,0.0,0.0,8.6,7.2,0.0,0.0,0.0,0.0
3282.957,12.2,24.4,-48.8,-36.6,0.0,0.0,38.8,22.0,9.9,9.2,0.0,0.0
3283.032,-12.2,-73.2,-24.4,0.0,0.0,0.0,6.5,6.0,5.7,0.0,0.0,0.0
3283.107,-48.8,-61.0,-36.6,0.0,0.0,0.0,8.1,6.8,5.9,0.0,0.0,0.0
3283.181,-73.2,-61.0,0.0,0.0,0.0,0.0,9.6,9.0,0.0,0.0,0.0,0.0
3283.253,-73.2,-61.0,-85.4,0.0,0.0,0.0,9.5,7.7,6.1,0.0,0.0,0.0
3283.396,-73.2,-61.0,-85.4,0.0,0.0,0.0,13.3,11.2,7.4,0.0,0.0,0.0
3283.469,-48.8,-61.0,-36.6,0.0,0.0,0.0,8.4,6.3,5.1,0.0,0.0,0.0
3284.245,3110.0,0.0,0.0,0.0,0.0,0.0,5.0,0.0,0.0,0.0,0.0,0.0
3284.461,3110.0,0.0,0.0,0.0,0.0,0.0,5.5,0.0,0.0,0.0,0.0,0.0
3284.606,3110.0,3097.8,0.0,0.0,0.0,0.0,5.2,5.0,0.0,0.0,0.0,0.0
3284.967,3110.0,0.0,0.0,0.0,0.0,0.0,5.3,0.0,0.0,0.0,0.0,0.0
3285.040,3110.0,0.0,0.0,0.0,0.0,0.0,5.0,0.0,0.0,0.0,0.0,0.0
3289.773,73.2,85.4,61.0,97.6,3110.0,0.0,11.3,10.6,6.9,5.6,5.0,0.0
3289.849,97.6,85.4,109.8,73.2,36.6,24.4,13.6,12.7,8.2,6.2,5.8,5.5
3289.925,85.4,73.2,0.0,0.0,0.0,0.0,5.9,5.6,0.0,0.0,0.0,0.0
3290.069,12.2,24.4,0.0,0.0,0.0,0.0,9.0,6.9,0.0,0.0,0.0,0.0
3290.143,12.2,24.4,36.6,0.0,0.0,0.0,11.5,10.8,6.1,0.0,0.0,0.0
3290.500,-24.4,-12.2,-36.6,0.0,0.0,0.0,9.7,9.6,5.0,0.0,0.0,0.0
3290.574,12.2,-36.6,24.4,0.0,0.0,0.0,11.7,7.0,6.4,0.0,0.0,0.0
3290.648,-24.4,0.0,0.0,0.0,0.0,0.0,5.5,0.0,0.0,0.0,0.0,0.0
3290.720,-36.6,0.0,0.0,0.0,0.0,0.0,5.9,0.0,0.0,0.0,0.0,0.0
3290.792,-61.0,-73.2,-48.8,0.0,0.0,0.0,16.5,11.9,11.5,0.0,0.0,0.0
3290.866,-73.2,0.0,0.0,0.0,0.0,0.0,5.1,0.0,0.0,0.0,0.0,0.0
3290.939,-73.2,-61.0,-85.4,0.0,0.0,0.0,7.5,6.2,5.7,0.0,0.0,0.0
3291.013,-73.2,-61.0,0.0,0.0,0.0,0.0,6.5,6.3,0.0,0.0,0.0,0.0
3291.086,-36.6,0.0,0.0,0.0,0.0,0.0,5.3,0.0,0.0,0.0,0.0,0.0
3292.794,3110.0,0.0,0.0,0.0,0.0,0.0,5.0,0.0,0.0,0.0,0.0,0.0
3296.057,3110.0,0.0,0.0,0.0,0.0,0.0,5.1,0.0,0.0,0.0,0.0,0.0
3297.266,61.0,73.2,0.0,0.0,0.0,0.0,10.4,9.7,0.0,0.0,0.0,0.0
3297.339,85.4,73.2,97.6,61.0,0.0,0.0,26.9,20.6,16.8,6.6,0.0,0.0
3297.413,85.4,97.6,73.2,109.8,3110.0,0.0,14.2,13.6,6.5,5.4,5.0,0.0
3297.560,48.8,61.0,0.0,0.0,0.0,0.0,6.2,5.6,0.0,0.0,0.0,0.0
3297.633,12.2,24.4,36.6,0.0,0.0,0.0,8.7,5.5,5.4,0.0,0.0,0.0
3297.707,12.2,24.4,36.6,3110.0,0.0,0.0,13.6,12.5,5.2,5.0,0.0,0.0
3297.781,-12.2,0.0,0.0,0.0,0.0,0.0,5.9,0.0,0.0,0.0,0.0,0.0
3298.066,12.2,-24.4,0.0,0.0,0.0,0.0,5.6,5.1,0.0,0.0,0.0,0.0
3298.139,12.2,24.4,36.6,0.0,0.0,0.0,35.1,21.9,6.3,0.0,0.0,0.0
3298.213,-24.4,-36.6,-12.2,0.0,0.0,0.0,8.3,6.7,5.1,0.0,0.0,0.0
3298.287,-61.0,-48.8,0.0,0.0,0.0,0.0,8.5,7.3,0.0,0.0,0.0,0.0
3298.361,-85.4,-73.2,-97.6,0.0,0.0,0.0,20.6,16.1,11.8,0.0,0.0,0.0
3298.436,-97.6,-85.4,-109.8,0.0,0.0,0.0,11.1,10.1,6.1,0.0,0.0,0.0
3298.510,-73.2,-61.0,0.0,0.0,0.0,0.0,6.7,6.0,0.0,0.0,0.0,0.0
3304.731,24.4,0.0,0.0,0.0,0.0,0.0,6.4,0.0,0.0,0.0,0.0,0.0
3304.803,61.0,73.2,48.8,0.0,0.0,0.0,11.9,8.3,7.9,0.0,0.0,0.0
3304.877,85.4,97.6,73.2,0.0,0.0,0.0,16.0,13.4,8.1,0.0,0.0,0.0
3304.952,85.4,97.6,73.2,0.0,0.0,0.0,16.3,12.2,9.2,0.0,0.0,0.0
3305.026,73.2,61.0,85.4,0.0,0.0,0.0,11.8,8.8,7.8,0.0,0.0,0.0
3305.100,36.6,24.4,48.8,61.0,0.0,0.0,10.3,9.6,7.6,6.7,0.0,0.0
3305.174,36.6,12.2,48.8,24.4,0.0,0.0,11.1,9.2,9.1,7.8,0.0,0.0
3305.248,12.2,24.4,0.0,0.0,0.0,0.0,12.9,7.5,0.0,0.0,0.0,0.0
3305.602,-24.4,12.2,-36.6,0.0,0.0,0.0,7.8,6.9,5.3,0.0,0.0,0.0
3305.677,-48.8,-36.6,0.0,0.0,0.0,0.0,7.6,6.8,0.0,0.0,0.0,0.0
3305.750,-48.8,-61.0,-36.6,-24.4,-73.2,0.0,9.0,8.9,8.8,5.8,5.6,0.0
3305.895,-73.2,-61.0,-85.4,-48.8,0.0,0.0,12.7,10.9,8.4,6.2,0.0,0.0
3305.969,-85.4,0.0,0.0,0.0,0.0,0.0,5.8,0.0,0.0,0.0,0.0,0.0
3306.042,-85.4,-73.2,0.0,0.0,0.0,0.0,9.2,7.2,0.0,0.0,0.0,0.0
3306.117,-73.2,-61.0,-85.4,0.0,0.0,0.0,14.1,12.6,6.9,0.0,0.0,0.0
3306.191,-48.8,0.0,0.0,0.0,0.0,0.0,6.2,0.0,0.0,0.0,0.0,0.0
3312.019,3110.0,0.0,0.0,0.0,0.0,0.0,5.1,0.0,0.0,0.0,0.0,0.0
3312.590,85.4,0.0,0.0,0.0,0.0,0.0,5.1,0.0,0.0,0.0,0.0,0.0
3312.663,85.4,73.2,0.0,0.0,0.0,0.0,5.7,5.5,0.0,0.0,0.0,0.0
3312.737,61.0,0.0,0.0,0.0,0.0,0.0,5.0,0.0,0.0,0.0,0.0,0.0
3312.809,36.6,48.8,24.4,0.0,0.0,0.0,12.5,9.8,6.9,0.0,0.0,0.0
3312.883,12.2,0.0,0.0,0.0,0.0,0.0,5.0,0.0,0.0,0.0,0.0,0.0
3313.008,24.4,12.2,0.0,0.0,0.0,0.0,7.4,7.1,0.0,0.0,0.0,0.0
3313.028,12.2,24.4,0.0,0.0,0.0,0.0,12.9,7.2,0.0,0.0,0.0,0.0
3313.314,12.2,0.0,0.0,0.0,0.0,0.0,8.8,0.0,0.0,0.0,0.0,0.0
3313.385,12.2,24.4,-36.6,0.0,0.0,0.0,19.1,8.5,7.0,0.0,0.0,0.0
3313.458,-12.2,0.0,0.0,0.0,0.0,0.0,5.5,0.0,0.0,0.0,0.0,0.0
3313.531,-36.6,-48.8,-24.4,0.0,0.0,0.0,9.7,8.1,6.3,0.0,0.0,0.0
3313.605,-61.0,-73.2,0.0,0.0,0.0,0.0,8.5,7.7,0.0,0.0,0.0,0.0
3313.677,-73.2,-85.4,-61.0,0.0,0.0,0.0,8.8,5.8,5.0,0.0,0.0,0.0
3313.750,-73.2,-85.4,-61.0,0.0,0.0,0.0,13.8,9.2,9.1,0.0,0.0,0.0
3313.823,-73.2,-61.0,0.0,0.0,0.0,0.0,10.4,10.4,0.0,0.0,0.0,0.0
3313.895,-61.0,-73.2,0.0,0.0,0.0,0.0,6.9,5.0,0.0,0.0,0.0,0.0
3313.968,-36.6,-48.8,0.0,0.0,0.0,0.0,6.2,5.3,0.0,0.0,0.0,0.0
3320.006,97.6,109.8,61.0,48.8,85.4,0.0,7.6,6.3,5.4,5.4,5.3,0.0
3320.082,97.6,85.4,109.8,0.0,0.0,0.0,10.9,8.2,6.4,0.0,0.0,0.0
3320.156,61.0,73.2,0.0,0.0,0.0,0.0,7.1,6.0,0.0,0.0,0.0,0.0
3320.230,12.2,24.4,3110.0,0.0,0.0,0.0,10.4,8.3,5.1,0.0,0.0,0.0
3320.304,24.4,12.2,36.6,0.0,0.0,0.0,14.1,11.3,7.9,0.0,0.0,0.0
3320.732,-36.6,-48.8,-24.4,0.0,0.0,0.0,10.0,8.2,7.2,0.0,0.0,0.0
3320.807,-48.8,-36.6,-61.0,-73.2,0.0,0.0,12.2,10.7,10.2,6.1,0.0,0.0
3320.882,-73.2,-61.0,0.0,0.0,0.0,0.0,6.8,6.1,0.0,0.0,0.0,0.0
3320.955,-73.2,-61.0,0.0,0.0,0.0,0.0,8.1,6.9,0.0,0.0,0.0,0.0
3321.028,-73.2,-85.4,0.0,0.0,0.0,0.0,8.9,8.3,0.0,0.0,0.0,0.0
3321.101,-73.2,-61.0,0.0,0.0,0.0,0.0,7.3,5.3,0.0,0.0,0.0,0.0
3326.832,3097.8,0.0,0.0,0.0,0.0,0.0,5.1,0.0,0.0,0.0,0.0,0.0
3327.262,48.8,61.0,0.0,0.0,0.0,0.0,8.2,7.0,0.0,0.0,0.0,0.0
3327.336,61.0,73.2,0.0,0.0,0.0,0.0,6.6,6.4,0.0,0.0,0.0,0.0
3327.409,73.2,61.0,0.0,0.0,0.0,0.0,8.8,7.2,0.0,0.0,0.0,0.0
3327.623,24.4,36.6,12.2,48.8,0.0,0.0,11.9,10.7,7.9,5.4,0.0,0.0
3327.698,24.4,36.6,12.2,0.0,0.0,0.0,11.7,8.5,6.9,0.0,0.0,0.0
3327.772,-24.4,-12.2,-36.6,-48.8,0.0,0.0,42.2,35.2,25.2,7.2,0.0,0.0
3327.847,-12.2,-24.4,0.0,0.0,0.0,0.0,14.1,9.1,0.0,0.0,0.0,0.0
3327.990,12.2,0.0,0.0,0.0,0.0,0.0,5.5,0.0,0.0,0.0,0.0,0.0
3328.064,12.2,-24.4,0.0,0.0,0.0,0.0,12.9,6.9,0.0,0.0,0.0,0.0
3328.137,-48.8,-61.0,12.2,0.0,0.0,0.0,7.7,6.5,5.7,0.0,0.0,0.0
3328.210,-36.6,-48.8,-24.4,-61.0,0.0,0.0,14.5,13.0,8.6,6.9,0.0,0.0
3328.284,-73.2,-61.0,-85.4,0.0,0.0,0.0,13.6,10.2,7.8,0.0,0.0,0.0
3328.357,-85.4,-97.6,-73.2,-109.8,0.0,0.0,23.6,17.5,14.4,5.5,0.0,0.0
3328.431,-85.4,-97.6,-73.2,0.0,0.0,0.0,12.5,8.6,7.6,0.0,0.0,0.0
3334.947,48.8,61.0,0.0,0.0,0.0,0.0,8.1,6.8,0.0,0.0,0.0,0.0
3335.093,97.6,85.4,109.8,73.2,0.0,0.0,15.1,12.3,9.0,5.4,0.0,0.0
3335.167,85.4,0.0,0.0,0.0,0.0,0.0,5.7,0.0,0.0,0.0,0.0,0.0
3335.239,48.8,36.6,0.0,0.0,0.0,0.0,8.4,6.5,0.0,0.0,0.0,0.0
3335.312,12.2,24.4,36.6,0.0,0.0,0.0,15.8,14.5,6.4,0.0,0.0,0.0
3335.385,24.4,12.2,36.6,0.0,0.0,0.0,14.5,12.5,7.8,0.0,0.0,0.0
3335.811,-24.4,-12.2,-36.6,0.0,0.0,0.0,7.4,6.3,5.7,0.0,0.0,0.0
3335.886,-36.6,-48.8,-61.0,0.0,0.0,0.0,7.3,6.3,5.1,0.0,0.0,0.0
3335.960,-73.2,-61.0,0.0,0.0,0.0,0.0,7.8,6.7,0.0,0.0,0.0,0.0
3336.033,-61.0,-48.8,0.0,0.0,0.0,0.0,5.4,5.4,0.0,0.0,0.0,0.0
3336.105,-73.2,-61.0,-85.4,0.0,0.0,0.0,11.8,10.1,6.4,0.0,0.0,0.0
3336.321,-48.8,0.0,0.0,0.0,0.0,0.0,6.0,0.0,0.0,0.0,0.0,0.0
3342.570,61.0,73.2,0.0,0.0,0.0,0.0,9.4,7.6,0.0,0.0,0.0,0.0
3342.715,85.4,73.2,0.0,0.0,0.0,0.0,6.7,6.7,0.0,0.0,0.0,0.0
3342.788,61.0,73.2,0.0,0.0,0.0,0.0,6.9,6.2,0.0,0.0,0.0,0.0
3342.861,36.6,24.4,48.8,0.0,0.0,0.0,13.5,10.8,8.0,0.0,0.0,0.0
3342.935,24.4,36.6,12.2,48.8,0.0,0.0,10.4,10.4,7.6,6.4,0.0,0.0
3343.011,12.2,24.4,0.0,0.0,0.0,0.0,9.3,8.8,0.0,0.0,0.0,0.0
3343.084,12.2,0.0,0.0,0.0,0.0,0.0,5.4,0.0,0.0,0.0,0.0,0.0
3343.298,-12.2,0.0,0.0,0.0,0.0,0.0,5.1,0.0,0.0,0.0,0.0,0.0
3343.371,12.2,-48.8,24.4,-36.6,0.0,0.0,10.3,7.4,5.5,5.2,0.0,0.0
3343.446,-24.4,-12.2,0.0,0.0,0.0,0.0,7.7,7.4,0.0,0.0,0.0,0.0
3343.520,-61.0,-48.8,0.0,0.0,0.0,0.0,7.2,6.0,0.0,0.0,0.0,0.0
3343.593,-85.4,0.0,0.0,0.0,0.0,0.0,5.3,0.0,0.0,0.0,0.0,0.0
3343.665,-85.4,-73.2,-97.6,0.0,0.0,0.0,10.2,8.3,5.4,0.0,0.0,0.0
3343.739,-85.4,-73.2,0.0,0.0,0.0,0.0,9.5,8.2,0.0,0.0,0.0,0.0
3343.812,-73.2,0.0,0.0,0.0,0.0,0.0,5.7,0.0,0.0,0.0,0.0,0.0
3343.884,-48.8,-61.0,-36.6,0.0,0.0,0.0,7.8,5.1,5.0,0.0,0.0,0.0
3350.112,73.2,61.0,85.4,0.0,0.0,0.0,10.6,9.4,5.3,0.0,0.0,0.0
3350.186,85.4,73.2,97.6,0.0,0.0,0.0,9.6,7.3,7.3,0.0,0.0,0.0
3350.260,73.2,85.4,61.0,97.6,0.0,0.0,23.0,19.7,12.8,8.1,0.0,0.0
3350.335,48.8,61.0,36.6,73.2,0.0,0.0,15.0,13.6,7.3,5.5,0.0,0.0
3350.408,24.4,36.6,12.2,48.8,61.0,0.0,10.9,8.5,7.7,7.5,5.1,0.0
3350.483,24.4,12.2,36.6,0.0,0.0,0.0,12.3,10.9,8.1,0.0,0.0,0.0
3350.912,-12.2,-24.4,0.0,0.0,0.0,0.0,9.2,6.7,0.0,0.0,0.0,0.0
3351.200,-61.0,-73.2,-48.8,-85.4,0.0,0.0,16.2,16.1,7.7,7.0,0.0,0.0
3351.275,-85.4,-73.2,-97.6,-61.0,0.0,0.0,17.6,17.3,8.4,7.5,0.0,0.0
3351.350,-85.4,-73.2,0.0,0.0,0.0,0.0,7.2,7.2,0.0,0.0,0.0,0.0
3357.874,24.4,12.2,0.0,0.0,0.0,0.0,8.9,8.5,0.0,0.0,0.0,0.0
3357.947,36.6,48.8,24.4,0.0,0.0,0.0,9.2,6.6,5.2,0.0,0.0,0.0
3358.021,61.0,48.8,73.2,0.0,0.0,0.0,18.2,13.5,12.0,0.0,0.0,0.0
3358.095,73.2,61.0,85.4,48.8,0.0,0.0,18.6,15.6,10.0,5.8,0.0,0.0
3358.170,61.0,73.2,48.8,85.4,0.0,0.0,27.5,22.2,14.5,7.6,0.0,0.0
3358.244,36.6,48.8,24.4,61.0,0.0,0.0,21.9,20.8,12.5,10.3,0.0,0.0
3358.318,12.2,24.4,0.0,0.0,0.0,0.0,9.3,7.1,0.0,0.0,0.0,0.0
3358.392,12.2,24.4,0.0,0.0,0.0,0.0,10.4,6.0,0.0,0.0,0.0,0.0
3358.465,-12.2,0.0,0.0,0.0,0.0,0.0,5.1,0.0,0.0,0.0,0.0,0.0
3358.538,-12.2,-24.4,0.0,0.0,0.0,0.0,14.5,10.6,0.0,0.0,0.0,0.0
3358.612,-12.2,0.0,0.0,0.0,0.0,0.0,5.6,0.0,0.0,0.0,0.0,0.0
3358.896,12.2,24.4,-36.6,0.0,0.0,0.0,29.6,13.5,8.7,0.0,0.0,0.0
3358.970,-12.2,-24.4,0.0,0.0,0.0,0.0,7.0,5.8,0.0,0.0,0.0,0.0
3359.044,-48.8,-36.6,-61.0,-24.4,0.0,0.0,16.7,16.0,8.7,7.2,0.0,0.0
3359.118,-73.2,-61.0,-85.4,0.0,0.0,0.0,12.4,9.2,8.3,0.0,0.0,0.0
3359.192,-73.2,0.0,0.0,0.0,0.0,0.0,5.8,0.0,0.0,0.0,0.0,0.0
3359.335,-61.0,-73.2,0.0,0.0,0.0,0.0,7.3,6.0,0.0,0.0,0.0,0.0
3359.407,-61.0,-48.8,-73.2,0.0,0.0,0.0,10.3,8.6,5.6,0.0,0.0,0.0
