Time,Range,Magnitude
698.114,123.0,5733.0
698.178,123.0,5746.0
698.241,123.0,5759.0
698.304,123.0,5765.0
698.368,123.0,5754.0
698.432,123.0,5764.0
698.495,123.0,5774.0
698.559,123.0,5734.0
698.623,123.0,5774.0
698.686,123.0,5776.0
698.75,123.0,5740.0
698.814,123.0,5777.0
698.878,123.0,5763.0
698.941,123.0,5755.0
699.015,123.0,5771.0
699.079,123.0,5759.0
699.142,123.0,5760.0
699.205,123.0,5781.0
699.268,123.0,5761.0
699.331,123.0,5758.0
699.394,123.0,5778.0
699.457,123.0,5757.0
699.521,123.0,5762.0
699.584,123.0,5774.0
699.648,123.0,5762.0
699.712,123.0,5776.0
699.776,123.0,5768.0
699.84,123.0,5759.0
699.903,123.0,5774.0
699.966,123.0,5772.0
700.038,123.0,5767.0
700.101,123.0,5767.0
700.165,123.0,5767.0
700.229,123.0,5776.0
700.293,123.0,5768.0
700.356,123.0,5773.0
700.419,123.0,5771.0
700.482,123.0,5775.0
700.545,123.0,5770.0
700.608,123.0,5768.0
700.671,123.0,5777.0
700.734,123.0,5775.0
700.798,123.0,5767.0
700.862,123.0,5775.0
700.925,123.0,5774.0
700.988,123.0,5769.0
701.062,123.0,5778.0
701.126,123.0,5773.0
701.19,123.0,5773.0
701.253,123.0,5775.0
701.317,123.0,5773.0
701.381,123.0,5774.0
701.445,123.0,5776.0
701.508,123.0,5772.0
701.571,123.0,5774.0
701.634,123.0,5775.0
701.697,123.0,5774.0
701.76,123.0,5777.0
701.823,123.0,5776.0
701.886,123.0,5775.0
701.95,123.0,5779.0
702.024,123.0,5776.0
702.087,123.0,5771.0
702.15,123.0,5774.0
702.214,123.0,5771.0
702.278,123.0,5775.0
702.342,123.0,5772.0
702.405,123.0,5773.0
702.469,123.0,5777.0
702.533,123.0,5775.0
702.596,123.0,5777.0
702.66,123.0,5778.0
702.724,123.0,5781.0
702.788,123.0,5780.0
702.851,123.0,5780.0
702.915,123.0,5781.0
702.979,123.0,5781.0
703.051,123.0,5780.0
703.114,123.0,5781.0
703.177,123.0,5779.0
703.241,123.0,5781.0
703.305,123.0,5784.0
703.369,123.0,5779.0
703.433,123.0,5783.0
703.497,123.0,5781.0
703.561,123.0,5778.0
703.625,123.0,5784.0
703.689,123.0,5779.0
703.753,123.0,5782.0
703.817,123.0,5782.0
703.88,123.0,5777.0
703.943,123.0,5782.0
704.016,123.0,5781.0
704.079,123.0,5777.0
704.142,123.0,5780.0
704.206,123.0,5781.0
704.27,123.0,5782.0
704.333,123.0,5780.0
704.396,123.0,5779.0
704.459,123.0,5781.0
704.522,123.0,5780.0
704.586,123.0,5779.0
704.65,123.0,5781.0
704.714,123.0,5785.0
704.778,123.0,5775.0
704.841,123.0,5781.0
704.905,123.0,5781.0
704.969,123.0,5781.0
705.04,123.0,5784.0
705.103,123.0,5781.0
705.167,123.0,5781.0
705.23,123.0,5783.0
705.293,123.0,5781.0
705.356,123.0,5781.0
705.419,123.0,5781.0
705.483,123.0,5782.0
705.546,123.0,5783.0
705.609,123.0,5782.0
705.672,123.0,5785.0
705.735,123.0,5782.0
705.799,123.0,5783.0
705.863,123.0,5780.0
705.927,123.0,5781.0
706.001,123.0,5783.0
706.065,123.0,5781.0
706.129,123.0,5779.0
706.193,123.0,5781.0
706.257,123.0,5781.0
706.321,123.0,5780.0
706.385,123.0,5787.0
706.449,123.0,5779.0
706.512,123.0,5783.0
706.576,123.0,5779.0
706.639,123.0,5781.0
706.702,123.0,5784.0
706.766,123.0,5783.0
706.829,123.0,5779.0
706.892,123.0,5781.0
706.955,123.0,5781.0
707.028,123.0,5780.0
707.092,123.0,5779.0
707.156,123.0,5770.0
707.22,123.0,5779.0
707.284,123.0,5773.0
707.348,123.0,5772.0
707.411,123.0,5778.0
707.474,123.0,5765.0
707.538,123.0,5768.0
707.602,123.0,5773.0
707.665,123.0,5762.0
707.728,123.0,5771.0
707.791,123.0,5771.0
707.854,123.0,5765.0
707.917,123.0,5770.0
707.98,123.0,5765.0
708.053,123.0,5762.0
708.116,123.0,5768.0
708.179,123.0,5766.0
708.242,123.0,5765.0
708.305,123.0,5771.0
708.368,123.0,5766.0
708.431,123.0,5768.0
708.494,123.0,5773.0
708.557,123.0,5767.0
708.621,123.0,5765.0
708.685,123.0,5768.0
708.749,123.0,5768.0
708.813,123.0,5763.0
708.877,123.0,5768.0
708.941,123.0,5768.0
709.014,123.0,5768.0
709.078,123.0,5771.0
709.142,123.0,5768.0
709.205,123.0,5773.0
709.268,123.0,5773.0
709.331,123.0,5767.0
709.394,123.0,5770.0
709.457,123.0,5775.0
709.521,123.0,5773.0
709.585,123.0,5769.0
709.649,123.0,5779.0
709.713,123.0,5778.0
709.777,123.0,5779.0
709.841,123.0,5788.0
709.904,123.0,5779.0
709.968,123.0,5785.0
710.042,123.0,5785.0
710.106,123.0,5776.0
710.17,123.0,5790.0
710.234,123.0,5785.0
710.298,123.0,5780.0
710.362,123.0,5789.0
710.426,123.0,5783.0
710.489,123.0,5781.0
710.552,123.0,5791.0
710.615,123.0,5782.0
710.678,123.0,5785.0
710.742,123.0,5792.0
710.806,123.0,5778.0
710.87,123.0,5787.0
710.934,123.0,5795.0
711.007,123.0,5782.0
711.071,123.0,5790.0
711.134,123.0,5789.0
711.198,123.0,5779.0
711.262,123.0,5791.0
711.326,123.0,5784.0
711.39,123.0,5786.0
711.454,123.0,5796.0
711.517,123.0,5786.0
711.58,123.0,5786.0
711.644,123.0,5792.0
711.708,123.0,5793.0
711.771,123.0,5765.0
711.834,123.0,5801.0
711.897,123.0,5866.0
711.96,123.0,5741.0
712.031,123.0,5769.0
712.094,123.0,5724.0
712.157,123.0,5795.0
712.22,123.0,5836.0
712.283,123.0,5730.0
712.346,123.0,5737.0
712.409,123.0,5878.0
712.472,123.0,5792.0
712.536,123.0,5852.0
712.6,123.0,5738.0
712.664,123.0,5619.0
712.728,123.0,5636.0
712.792,124.0,6066.0
712.856,123.0,6000.0
712.921,123.0,5930.0
712.985,124.0,5982.0
713.059,122.0,5114.0
713.123,123.0,5788.0
713.187,124.0,6078.0
713.25,121.0,4910.0
713.316,127.0,6358.0
713.382,60.0,5717.0
713.448,60.0,6396.0
713.514,62.0,3403.0
713.58,62.0,3109.0
713.646,62.0,5134.0
713.712,60.0,4322.0
713.777,60.0,10360.0
713.843,60.0,14368.0
713.908,60.0,15483.0
713.974,95.0,10517.0
714.049,95.0,14456.0
714.114,127.0,7955.0
714.178,93.0,10481.0
714.242,125.0,3103.0
714.306,126.0,7487.0
714.37,128.0,5734.0
714.435,92.0,5727.0
714.5,124.0,4496.0
714.565,127.0,7068.0
714.631,124.0,5132.0
714.697,125.0,4527.0
714.761,92.0,4235.0
714.825,92.0,4343.0
714.889,126.0,7455.0
714.953,128.0,5134.0
715.027,124.0,3777.0
715.09,128.0,7476.0
715.154,128.0,8620.0
715.218,126.0,8204.0
715.281,127.0,2922.0
715.345,127.0,2136.0
715.409,120.0,2680.0
715.473,60.0,1520.0
715.536,61.0,1625.0
715.599,62.0,1369.0
715.662,129.0,1716.0
715.726,128.0,2130.0
715.789,128.0,1994.0
715.853,128.0,2018.0
715.917,127.0,2255.0
715.981,127.0,2629.0
716.054,125.0,2453.0
716.118,125.0,2384.0
716.182,124.0,2324.0
716.246,124.0,1958.0
716.31,127.0,1783.0
716.374,129.0,2273.0
716.438,93.0,2925.0
716.501,93.0,3317.0
716.565,92.0,3502.0
716.629,92.0,3716.0
716.693,128.0,3535.0
716.756,128.0,3280.0
716.819,127.0,2756.0
716.882,126.0,2269.0
716.946,124.0,1795.0
717.02,120.0,1170.0
717.084,436.0,524.0
717.148,125.0,542.0
717.212,128.0,1269.0
717.275,128.0,2191.0
717.338,128.0,2940.0
717.401,128.0,3172.0
717.465,128.0,3192.0
717.528,127.0,2961.0
717.591,127.0,2883.0
717.654,126.0,3023.0
717.717,125.0,3106.0
717.781,125.0,3081.0
717.845,125.0,3158.0
717.909,125.0,3320.0
717.973,126.0,3084.0
718.045,127.0,3171.0
718.108,127.0,3199.0
718.171,128.0,3111.0
718.234,128.0,2961.0
718.298,129.0,2823.0
718.362,129.0,2062.0
718.426,59.0,930.0
718.49,437.0,552.0
718.554,113.0,929.0
718.618,123.0,1989.0
718.682,124.0,2346.0
718.745,126.0,2752.0
718.809,127.0,3245.0
718.873,127.0,3807.0
718.937,128.0,3990.0
719.011,128.0,4337.0
719.075,128.0,4490.0
719.139,128.0,4431.0
719.203,92.0,4247.0
719.267,92.0,4272.0
719.33,92.0,4209.0
719.393,92.0,4437.0
719.456,92.0,4662.0
719.52,92.0,4754.0
719.584,92.0,4872.0
719.648,92.0,4862.0
719.711,92.0,4977.0
719.774,128.0,4968.0
719.838,128.0,4849.0
719.902,127.0,4826.0
719.966,126.0,3466.0
720.038,115.0,1184.0
720.102,119.0,693.0
720.166,128.0,3540.0
720.23,92.0,5423.0
720.294,92.0,6169.0
720.358,92.0,9165.0
720.422,92.0,7861.0
720.486,128.0,4061.0
720.549,92.0,3906.0
720.613,122.0,1315.0
720.676,93.0,3769.0
720.741,91.0,5533.0
720.806,128.0,8847.0
720.871,92.0,5601.0
720.935,92.0,6139.0
721.008,128.0,5866.0
721.072,126.0,4291.0
721.136,91.0,7368.0
721.2,127.0,6972.0
721.266,92.0,10340.0
721.332,93.0,12369.0
721.398,116.0,1948.0
721.464,92.0,5062.0
721.53,94.0,7001.0
721.596,121.0,1623.0
721.659,128.0,2214.0
721.723,129.0,1844.0
721.786,121.0,1095.0
721.849,127.0,3863.0
721.912,128.0,5052.0
721.976,123.0,1561.0
722.049,120.0,2097.0
722.113,61.0,1395.0
722.176,93.0,2437.0
722.239,128.0,1927.0
722.303,127.0,2307.0
722.367,127.0,2604.0
722.431,128.0,4013.0
722.495,92.0,5354.0
722.558,92.0,5724.0
722.622,128.0,5059.0
722.686,128.0,4612.0
722.75,127.0,4398.0
722.814,127.0,4356.0
722.878,127.0,4411.0
722.942,127.0,3942.0
723.015,126.0,3787.0
723.078,126.0,3675.0
723.141,126.0,3474.0
723.204,127.0,3450.0
723.268,127.0,3230.0
723.332,127.0,2810.0
723.396,126.0,2081.0
723.46,126.0,1821.0
723.524,127.0,2829.0
723.588,128.0,3996.0
723.652,128.0,5003.0
723.716,92.0,6123.0
723.78,92.0,6872.0
723.843,92.0,7147.0
723.907,91.0,6980.0
723.971,128.0,6352.0
724.044,128.0,5238.0
724.108,127.0,3394.0
724.172,124.0,1866.0
724.236,62.0,898.0
724.3,59.0,1533.0
724.363,94.0,2252.0
724.426,93.0,3215.0
724.489,93.0,3466.0
724.552,93.0,3224.0
724.615,94.0,2775.0
724.678,94.0,2989.0
724.741,93.0,3257.0
724.804,94.0,2986.0
724.867,58.0,2510.0
724.93,59.0,2125.0
725.003,60.0,1412.0
725.067,122.0,1402.0
725.131,120.0,2008.0
725.195,122.0,2570.0
725.259,124.0,2790.0
725.323,127.0,3069.0
725.387,128.0,3413.0
725.45,129.0,3713.0
725.514,92.0,4088.0
725.577,128.0,4060.0
725.64,128.0,3679.0
725.703,127.0,3066.0
725.766,126.0,2521.0
725.829,125.0,2060.0
725.893,125.0,1975.0
725.957,124.0,2057.0
726.03,124.0,2067.0
726.094,125.0,2167.0
726.158,125.0,2569.0
726.222,126.0,2888.0
726.286,126.0,3284.0
726.35,126.0,3603.0
726.414,126.0,3605.0
726.478,125.0,3215.0
726.542,124.0,2665.0
726.606,122.0,1972.0
726.67,120.0,1514.0
726.734,116.0,1223.0
726.798,112.0,1011.0
726.861,113.0,1025.0
726.924,117.0,1266.0
726.987,116.0,1067.0
727.058,111.0,728.0
727.121,116.0,957.0
727.185,124.0,2084.0
727.248,122.0,2201.0
727.312,61.0,1392.0
727.376,92.0,6120.0
727.44,127.0,5371.0
727.506,93.0,6465.0
727.572,93.0,11003.0
727.638,128.0,4794.0
727.704,128.0,7225.0
727.77,60.0,3831.0
727.835,93.0,3956.0
727.901,128.0,6704.0
727.967,95.0,5973.0
728.041,117.0,785.0
728.105,127.0,3583.0
728.169,112.0,1032.0
728.232,114.0,1519.0
728.296,129.0,4666.0
728.361,126.0,1952.0
728.425,60.0,1382.0
728.491,59.0,5987.0
728.557,94.0,5483.0
728.622,128.0,4868.0
728.688,116.0,1324.0
728.752,125.0,1967.0
728.815,121.0,911.0
728.879,129.0,2741.0
728.943,92.0,3457.0
729.016,128.0,3730.0
729.08,126.0,4441.0
729.144,124.0,5083.0
729.208,123.0,4680.0
729.272,122.0,3501.0
729.336,122.0,2737.0
729.4,121.0,1940.0
729.463,118.0,1364.0
729.526,123.0,3072.0
729.589,124.0,4730.0
729.652,124.0,5615.0
729.716,124.0,5604.0
729.779,124.0,5353.0
729.842,123.0,4895.0
729.905,123.0,4684.0
729.969,124.0,4729.0
730.042,124.0,4954.0
730.105,125.0,5231.0
730.168,125.0,5172.0
730.232,125.0,5266.0
730.295,125.0,5374.0
730.359,124.0,5439.0
730.423,124.0,5360.0
730.487,124.0,5234.0
730.55,124.0,5400.0
730.614,125.0,5733.0
730.678,125.0,5666.0
730.741,124.0,4912.0
730.804,124.0,3652.0
730.867,123.0,2653.0
730.93,124.0,1935.0
731.004,126.0,1472.0
731.067,128.0,1771.0
731.13,129.0,2242.0
731.193,129.0,2088.0
731.256,127.0,1727.0
731.319,123.0,1533.0
731.382,120.0,1726.0
731.446,121.0,2399.0
731.51,123.0,3200.0
731.574,124.0,3603.0
731.638,125.0,3876.0
731.702,126.0,4087.0
731.765,126.0,4188.0
731.828,127.0,4266.0
731.892,126.0,4325.0
731.956,126.0,4038.0
732.028,126.0,3699.0
732.091,126.0,3787.0
732.154,126.0,4203.0
732.217,125.0,4289.0
732.281,124.0,4002.0
732.345,123.0,3096.0
732.408,119.0,1836.0
732.471,124.0,1803.0
732.535,127.0,3588.0
732.599,126.0,4906.0
732.663,125.0,5572.0
732.727,125.0,5909.0
732.791,125.0,5658.0
732.854,125.0,5304.0
732.918,125.0,5181.0
732.981,126.0,5261.0
733.054,126.0,5517.0
733.117,126.0,5492.0
733.181,127.0,5458.0
733.245,127.0,5478.0
733.308,127.0,5692.0
733.371,127.0,5790.0
733.434,127.0,5775.0
733.497,127.0,5683.0
733.56,127.0,5550.0
733.623,128.0,5603.0
733.687,128.0,5373.0
733.751,128.0,4944.0
733.815,128.0,5194.0
733.879,128.0,7074.0
733.942,127.0,7111.0
734.015,126.0,6677.0
734.079,125.0,4963.0
734.142,122.0,2525.0
734.205,127.0,2093.0
734.269,60.0,1150.0
734.335,126.0,2182.0
734.4,128.0,6543.0
734.465,128.0,8819.0
734.531,128.0,9017.0
734.597,126.0,7069.0
734.661,92.0,6774.0
734.725,95.0,4630.0
734.788,127.0,4184.0
734.853,93.0,7229.0
734.916,93.0,6873.0
734.979,93.0,7444.0
735.051,120.0,1804.0
735.115,93.0,11978.0
735.179,93.0,8471.0
735.244,127.0,6752.0
735.309,93.0,11189.0
735.373,92.0,7735.0
735.439,128.0,6374.0
735.505,93.0,8982.0
735.568,92.0,8158.0
735.632,92.0,8611.0
735.696,92.0,7194.0
735.76,93.0,5086.0
735.824,92.0,6588.0
735.888,92.0,5685.0
735.951,92.0,5122.0
736.024,128.0,4336.0
736.087,128.0,7050.0
736.15,92.0,9466.0
736.214,92.0,10297.0
736.278,92.0,8967.0
736.342,92.0,6788.0
736.406,92.0,5003.0
736.47,128.0,3202.0
736.534,125.0,1939.0
736.598,116.0,1009.0
736.662,435.0,530.0
736.726,114.0,630.0
736.789,119.0,754.0
736.852,127.0,914.0
736.916,130.0,1351.0
736.979,130.0,1821.0
737.051,129.0,2274.0
737.114,129.0,2624.0
737.177,129.0,2821.0
737.24,129.0,2528.0
737.303,129.0,1570.0
737.366,127.0,960.0
737.43,122.0,1066.0
737.494,121.0,1218.0
737.558,120.0,1409.0
737.622,121.0,1850.0
737.686,123.0,2451.0
737.75,124.0,2946.0
737.814,124.0,3482.0
737.877,125.0,4057.0
737.94,125.0,4747.0
738.013,125.0,5223.0
738.076,125.0,5585.0
738.139,125.0,6004.0
738.202,125.0,5932.0
738.265,125.0,5768.0
738.328,126.0,5675.0
738.391,126.0,5395.0
738.454,127.0,4917.0
738.517,127.0,4313.0
738.58,127.0,3915.0
738.643,127.0,3811.0
738.706,127.0,4107.0
738.769,126.0,4949.0
738.832,126.0,5686.0
738.896,126.0,6614.0
738.96,127.0,7141.0
739.033,127.0,7464.0
739.097,127.0,7902.0
739.161,127.0,8047.0
739.225,128.0,7957.0
739.289,128.0,7869.0
739.352,128.0,7461.0
739.415,128.0,6770.0
739.479,128.0,6069.0
739.543,127.0,5306.0
739.607,126.0,4353.0
739.67,126.0,3370.0
739.733,125.0,2670.0
739.796,125.0,2475.0
739.859,126.0,2996.0
739.922,126.0,4078.0
739.986,126.0,5068.0
740.06,126.0,6402.0
740.124,126.0,6307.0
740.187,125.0,5522.0
740.251,126.0,5873.0
740.314,126.0,6229.0
740.377,126.0,6589.0
740.44,125.0,4977.0
740.503,124.0,3666.0
740.567,92.0,3368.0
740.631,126.0,4935.0
740.696,128.0,4749.0
740.761,94.0,13716.0
740.827,92.0,8478.0
740.892,127.0,7997.0
740.956,92.0,12459.0
741.028,92.0,5805.0
741.094,92.0,7842.0
741.156,126.0,8316.0
741.22,127.0,11069.0
741.283,127.0,10011.0
741.347,125.0,3715.0
741.411,126.0,5905.0
741.475,128.0,6309.0
741.539,128.0,4948.0
741.603,60.0,4799.0
741.667,118.0,1637.0
741.732,127.0,6271.0
741.794,127.0,4261.0
741.857,127.0,4793.0
741.92,127.0,5319.0
741.983,127.0,6436.0
742.054,127.0,8663.0
742.117,91.0,10296.0
742.18,92.0,12664.0
742.243,92.0,9824.0
742.306,92.0,7825.0
742.369,92.0,8142.0
742.432,92.0,8315.0
742.495,92.0,7096.0
742.559,92.0,6298.0
742.623,92.0,4904.0
742.687,93.0,2551.0
742.751,129.0,2131.0
742.814,92.0,4724.0
742.877,92.0,5594.0
742.94,92.0,5096.0
743.013,128.0,4364.0
743.077,128.0,3804.0
743.141,126.0,3090.0
743.205,124.0,2358.0
743.269,123.0,1955.0
743.333,124.0,2014.0
743.396,127.0,2415.0
743.459,128.0,2394.0
743.523,129.0,2704.0
743.586,129.0,2692.0
743.649,130.0,2507.0
743.712,130.0,2460.0
743.775,130.0,2373.0
743.838,93.0,2337.0
743.901,93.0,2522.0
743.965,93.0,2708.0
744.039,93.0,2792.0
744.103,92.0,2938.0
744.167,92.0,3072.0
744.231,92.0,3222.0
744.294,129.0,3011.0
744.358,129.0,3164.0
744.422,128.0,3127.0
744.485,127.0,2780.0
744.548,126.0,2447.0
744.611,125.0,2323.0
744.674,124.0,2161.0
744.738,123.0,1992.0
744.802,123.0,1794.0
744.866,123.0,1563.0
744.929,123.0,1241.0
745.001,121.0,859.0
745.064,121.0,701.0
745.127,122.0,690.0
745.19,122.0,694.0
745.253,122.0,867.0
745.316,120.0,912.0
745.379,122.0,1378.0
745.443,122.0,1434.0
745.506,120.0,1382.0
745.569,121.0,1739.0
745.632,123.0,2210.0
745.695,124.0,2652.0
745.758,125.0,2933.0
745.821,126.0,3185.0
745.884,126.0,3448.0
745.948,127.0,3522.0
746.022,127.0,4213.0
746.086,127.0,4113.0
746.15,126.0,2980.0
746.214,125.0,3524.0
746.277,128.0,3966.0
746.34,91.0,8318.0
746.403,91.0,9634.0
746.467,126.0,5369.0
746.533,125.0,5843.0
746.599,127.0,8838.0
746.664,92.0,5996.0
746.728,126.0,7080.0
746.793,126.0,9915.0
746.858,124.0,3615.0
746.924,127.0,8683.0
746.989,127.0,12070.0
747.062,125.0,7763.0
747.126,125.0,8480.0
747.19,128.0,8886.0
747.256,127.0,6798.0
747.321,127.0,7362.0
747.386,127.0,8857.0
747.449,127.0,6273.0
747.512,123.0,4989.0
747.576,126.0,4084.0
747.639,158.0,2075.0
747.703,121.0,3688.0
747.766,123.0,3728.0
747.829,125.0,5080.0
747.892,124.0,4906.0
747.955,126.0,4607.0
748.028,126.0,6508.0
748.092,126.0,8054.0
748.156,126.0,7904.0
748.22,126.0,6325.0
748.284,126.0,7641.0
748.348,126.0,7729.0
748.412,126.0,7306.0
748.475,125.0,6107.0
748.539,125.0,5028.0
748.602,125.0,4532.0
748.666,125.0,4834.0
748.73,125.0,5797.0
748.793,125.0,6544.0
748.856,125.0,6882.0
748.919,126.0,7153.0
748.983,126.0,7632.0
749.056,126.0,7783.0
749.12,126.0,7913.0
749.184,126.0,8242.0
749.247,126.0,8551.0
749.31,126.0,8265.0
749.373,126.0,8198.0
749.437,126.0,8107.0
749.501,126.0,8048.0
749.564,126.0,8160.0
749.627,126.0,8102.0
749.69,126.0,8017.0
749.753,126.0,7820.0
749.817,126.0,7415.0
749.881,125.0,6735.0
749.945,125.0,5905.0
750.016,125.0,5621.0
750.079,125.0,6023.0
750.142,125.0,6358.0
750.205,125.0,6315.0
750.268,125.0,6616.0
750.331,126.0,6922.0
750.395,126.0,7148.0
750.459,126.0,7249.0
750.523,126.0,7188.0
750.586,126.0,7016.0
750.65,126.0,6554.0
750.714,127.0,6153.0
750.778,127.0,6101.0
750.842,127.0,5980.0
750.905,128.0,5786.0
750.968,128.0,5922.0
751.04,128.0,5869.0
751.104,128.0,5926.0
751.167,128.0,6062.0
751.231,128.0,6257.0
751.294,128.0,6761.0
751.357,128.0,7090.0
751.42,127.0,7194.0
751.483,127.0,7065.0
751.546,127.0,7004.0
751.61,127.0,7153.0
751.673,127.0,7188.0
751.736,126.0,7227.0
751.799,126.0,6841.0
751.862,126.0,6403.0
751.925,126.0,6131.0
751.988,125.0,5710.0
752.061,125.0,5226.0
752.125,124.0,4744.0
752.189,124.0,4431.0
752.253,124.0,4445.0
752.317,124.0,4448.0
752.381,124.0,4688.0
752.444,124.0,5098.0
752.507,125.0,5454.0
752.57,125.0,5857.0
752.633,125.0,6085.0
752.696,125.0,6262.0
752.759,125.0,6189.0
752.823,125.0,6428.0
752.887,125.0,6652.0
752.951,125.0,6658.0
753.024,125.0,6626.0
753.087,126.0,6609.0
753.15,126.0,6616.0
753.213,126.0,6646.0
753.276,126.0,6578.0
753.34,126.0,6467.0
753.404,126.0,6309.0
753.468,127.0,6304.0
753.532,128.0,7281.0
753.596,128.0,6217.0
753.66,126.0,3510.0
753.724,62.0,1625.0
753.788,94.0,4206.0
753.852,121.0,2258.0
753.916,60.0,3145.0
753.98,127.0,2426.0
754.055,93.0,9492.0
754.118,94.0,12864.0
754.183,92.0,4481.0
754.248,92.0,3786.0
754.311,93.0,10687.0
754.375,94.0,8644.0
754.438,127.0,3744.0
754.502,125.0,3025.0
754.566,92.0,10796.0
754.63,125.0,5394.0
754.696,128.0,8211.0
754.761,125.0,7932.0
754.827,127.0,7153.0
754.893,127.0,7587.0
754.956,128.0,6280.0
755.029,128.0,7861.0
755.093,128.0,6846.0
755.156,92.0,4824.0
755.219,92.0,4029.0
755.282,93.0,4096.0
755.345,92.0,4024.0
755.408,129.0,2363.0
755.472,126.0,4106.0
755.536,126.0,4588.0
755.6,127.0,6958.0
755.664,127.0,7595.0
755.728,127.0,5605.0
755.792,126.0,2550.0
755.856,127.0,1289.0
755.919,125.0,824.0
755.982,128.0,798.0
756.055,128.0,2485.0
756.118,128.0,3800.0
756.181,127.0,4015.0
756.245,127.0,3714.0
756.308,127.0,3303.0
756.372,127.0,2969.0
756.435,127.0,2742.0
756.498,127.0,2707.0
756.561,127.0,2609.0
756.625,127.0,2482.0
756.688,126.0,2079.0
756.751,126.0,2250.0
756.815,126.0,2161.0
756.879,126.0,2056.0
756.943,125.0,1976.0
757.013,124.0,1914.0
757.077,124.0,1940.0
757.141,123.0,1827.0
757.205,121.0,1845.0
757.269,121.0,1903.0
757.333,121.0,1826.0
757.397,121.0,1518.0
757.461,122.0,1260.0
757.525,124.0,1273.0
757.589,124.0,1359.0
757.653,124.0,1481.0
757.716,126.0,1695.0
757.779,127.0,2676.0
757.842,128.0,3206.0
757.905,128.0,2953.0
757.969,128.0,2104.0
758.042,127.0,1146.0
758.106,435.0,743.0
758.169,112.0,1031.0
758.232,122.0,1823.0
758.296,126.0,2716.0
758.36,127.0,3323.0
758.424,128.0,3745.0
758.488,128.0,4242.0
758.552,129.0,4756.0
758.616,92.0,5477.0
758.68,92.0,6182.0
758.744,92.0,6549.0
758.808,92.0,6572.0
758.872,92.0,6705.0
758.936,92.0,6961.0
759.009,92.0,7147.0
759.073,92.0,6971.0
759.136,92.0,6787.0
759.199,92.0,6629.0
759.262,92.0,6509.0
759.325,92.0,6049.0
759.388,91.0,5255.0
759.451,128.0,4315.0
759.515,128.0,3374.0
759.579,128.0,2739.0
759.642,127.0,2251.0
759.705,126.0,1692.0
759.768,435.0,722.0
759.831,127.0,800.0
759.895,127.0,1232.0
759.958,127.0,1440.0
760.031,127.0,1672.0
760.094,127.0,1901.0
760.157,127.0,1955.0
760.221,126.0,2007.0
760.285,126.0,2141.0
760.348,126.0,2153.0
760.411,126.0,2056.0
760.474,126.0,1968.0
760.537,125.0,1857.0
760.601,125.0,1722.0
760.665,124.0,1647.0
760.729,125.0,1620.0
760.793,126.0,1557.0
760.856,125.0,1457.0
760.92,124.0,1375.0
760.984,122.0,1375.0
761.057,122.0,1356.0
761.121,120.0,1267.0
761.184,119.0,1326.0
761.247,119.0,1363.0
761.31,117.0,1164.0
761.374,158.0,739.0
761.438,435.0,738.0
761.502,435.0,739.0
761.566,435.0,742.0
761.629,435.0,739.0
761.692,435.0,736.0
761.755,435.0,734.0
761.819,435.0,740.0
761.882,115.0,973.0
761.946,127.0,1491.0
762.019,128.0,2147.0
762.082,128.0,4352.0
762.146,92.0,5541.0
762.21,92.0,5590.0
762.274,91.0,7995.0
762.338,156.0,1010.0
762.404,127.0,5601.0
762.47,126.0,3682.0
762.534,127.0,7514.0
762.6,126.0,7332.0
762.665,92.0,10059.0
762.73,128.0,8956.0
762.793,91.0,9880.0
762.857,92.0,8962.0
762.921,92.0,8160.0
762.984,126.0,5629.0
763.057,128.0,8082.0
763.122,128.0,9341.0
763.187,92.0,7966.0
763.253,92.0,6562.0
763.319,128.0,7906.0
763.385,120.0,2257.0
763.451,124.0,2428.0
763.515,128.0,3019.0
763.579,127.0,4737.0
763.643,127.0,4080.0
763.707,126.0,4224.0
763.771,126.0,4534.0
763.835,127.0,6990.0
763.899,127.0,5463.0
763.963,127.0,8931.0
764.036,126.0,9541.0
764.1,126.0,9397.0
764.164,126.0,8065.0
764.227,126.0,7023.0
764.29,126.0,6801.0
764.353,126.0,6730.0
764.416,126.0,7139.0
764.48,126.0,7174.0
764.544,126.0,6652.0
764.608,125.0,6478.0
764.672,125.0,6496.0
764.736,125.0,6835.0
764.799,126.0,7067.0
764.863,126.0,7445.0
764.927,126.0,7840.0
765.991,126.0,7891.0
765.062,126.0,7715.0
765.125,126.0,7520.0
765.188,126.0,7417.0
765.251,126.0,7485.0
765.314,126.0,7644.0
765.377,126.0,7644.0
765.441,126.0,7670.0
765.504,126.0,7659.0
765.567,126.0,7717.0
765.63,126.0,7731.0
765.693,126.0,7720.0
765.757,126.0,7503.0
765.821,126.0,7121.0
765.885,126.0,6903.0
765.949,126.0,6961.0
766.022,126.0,7119.0
766.085,126.0,7236.0
766.149,126.0,7087.0
766.213,126.0,7021.0
766.276,126.0,7196.0
766.339,126.0,7463.0
766.402,126.0,7502.0
766.465,126.0,7257.0
766.528,127.0,6991.0
766.592,127.0,6773.0
766.656,127.0,6613.0
766.72,127.0,6500.0
766.783,127.0,6014.0
766.846,128.0,5283.0
766.909,128.0,4998.0
766.972,128.0,5074.0
767.046,128.0,5270.0
767.109,128.0,5754.0
767.173,92.0,6467.0
767.237,92.0,6548.0
767.301,91.0,5969.0
767.365,128.0,5448.0
767.429,128.0,5312.0
767.493,128.0,5299.0
767.557,128.0,5341.0
767.621,127.0,5147.0
767.685,127.0,5390.0
767.749,126.0,5679.0
767.813,126.0,5592.0
767.877,125.0,5277.0
767.94,125.0,5158.0
768.012,125.0,5250.0
768.075,125.0,5245.0
768.138,124.0,5126.0
768.201,125.0,5222.0
768.264,125.0,5616.0
768.327,125.0,6201.0
768.39,125.0,6848.0
768.453,126.0,7515.0
768.516,126.0,7947.0
768.579,126.0,8321.0
768.642,126.0,8630.0
768.706,126.0,8884.0
768.769,126.0,8885.0
768.832,126.0,8796.0
768.895,126.0,8599.0
768.958,126.0,8354.0
769.031,126.0,8104.0
769.094,126.0,7811.0
769.157,126.0,7718.0
769.221,126.0,8027.0
769.285,126.0,8452.0
769.348,126.0,8985.0
769.411,126.0,8786.0
769.474,126.0,8289.0
769.537,126.0,8206.0
769.6,126.0,8913.0
769.664,126.0,8719.0
769.728,126.0,6832.0
769.792,125.0,4649.0
769.856,125.0,4295.0
769.92,93.0,2748.0
769.986,118.0,2018.0
770.061,126.0,4030.0
770.126,127.0,10039.0
770.192,127.0,8674.0
770.257,91.0,11697.0
770.322,92.0,7142.0
770.387,91.0,12333.0
770.451,128.0,8592.0
770.515,91.0,10405.0
770.579,128.0,11742.0
770.643,91.0,13201.0
770.708,128.0,10274.0
770.772,92.0,10860.0
770.836,127.0,8172.0
770.901,92.0,10788.0
770.966,92.0,9640.0
771.041,93.0,8838.0
771.105,92.0,10424.0
771.169,93.0,10367.0
771.233,93.0,8940.0
771.297,93.0,8472.0
771.361,92.0,7262.0
771.425,92.0,4974.0
771.489,129.0,4081.0
771.553,128.0,1539.0
771.617,127.0,6461.0
771.681,128.0,7384.0
771.744,128.0,6053.0
771.807,128.0,5215.0
771.871,128.0,4986.0
771.934,127.0,5139.0
772.004,127.0,5515.0
772.067,128.0,5922.0
772.13,128.0,5897.0
772.193,128.0,5739.0
772.257,128.0,5557.0
772.321,128.0,5555.0
772.385,128.0,5500.0
772.449,127.0,5624.0
772.513,127.0,5476.0
772.577,127.0,5098.0
772.641,126.0,4980.0
772.705,126.0,5190.0
772.769,125.0,5272.0
772.833,125.0,5300.0
772.897,125.0,5449.0
772.961,126.0,5876.0
773.034,126.0,6187.0
773.098,126.0,6188.0
773.162,126.0,5894.0
773.225,126.0,5597.0
773.288,126.0,5162.0
773.351,126.0,5251.0
773.414,125.0,5002.0
773.477,125.0,4528.0
773.541,124.0,4375.0
773.605,125.0,4569.0
773.669,125.0,4637.0
773.733,125.0,4670.0
773.797,125.0,4533.0
773.861,125.0,4483.0
773.925,126.0,4405.0
773.989,127.0,3853.0
774.062,127.0,3261.0
774.125,128.0,3081.0
774.189,128.0,3398.0
774.253,128.0,4006.0
774.317,128.0,4695.0
774.381,128.0,5002.0
774.444,128.0,5058.0
774.507,128.0,5346.0
774.571,128.0,6184.0
774.634,92.0,7678.0
774.697,92.0,8510.0
774.76,92.0,8810.0
774.823,92.0,8663.0
774.887,92.0,7773.0
774.951,91.0,5558.0
775.024,92.0,11184.0
775.088,92.0,8999.0
775.154,92.0,8152.0
775.22,61.0,1937.0
775.286,92.0,5482.0
775.352,60.0,1831.0
775.418,94.0,3583.0
775.484,61.0,3561.0
775.549,61.0,2812.0
775.615,61.0,4015.0
775.681,63.0,3269.0
775.747,95.0,4841.0
775.812,64.0,1950.0
775.876,63.0,12256.0
775.94,124.0,598.0
776.014,127.0,1963.0
776.078,127.0,2382.0
776.143,122.0,5917.0
776.207,122.0,5938.0
776.271,122.0,6539.0
776.335,122.0,6875.0
776.399,122.0,6775.0
776.463,122.0,6661.0
776.527,122.0,6695.0
776.591,122.0,6727.0
776.655,122.0,6732.0
776.718,122.0,6675.0
776.781,122.0,6706.0
776.844,122.0,6680.0
776.907,122.0,6736.0
776.97,122.0,6702.0
777.043,122.0,6729.0
777.107,122.0,6734.0
777.171,122.0,6734.0
777.234,122.0,6727.0
777.297,122.0,6702.0
777.361,122.0,6722.0
777.424,122.0,6712.0
777.488,122.0,6704.0
777.552,122.0,6711.0
777.616,122.0,6711.0
777.68,123.0,6762.0
777.744,123.0,6745.0
777.808,123.0,6704.0
777.872,123.0,6752.0
777.935,123.0,6731.0
778.008,123.0,6704.0
778.072,123.0,6756.0
778.136,123.0,6699.0
778.199,123.0,6706.0
778.263,123.0,6702.0
778.327,122.0,6660.0
778.391,123.0,6698.0
778.455,122.0,6660.0
778.518,123.0,6675.0
778.581,123.0,6683.0
778.644,122.0,6653.0
778.708,123.0,6673.0
778.772,123.0,6675.0
778.836,123.0,6644.0
778.9,123.0,6700.0
778.964,123.0,6674.0
779.037,123.0,6625.0
779.101,123.0,6717.0
779.165,123.0,6623.0
779.229,123.0,6645.0
779.293,123.0,6710.0
779.357,123.0,6606.0
779.421,123.0,6682.0
779.485,123.0,6673.0
779.549,123.0,6625.0
779.613,123.0,6681.0
779.677,123.0,6648.0
